Order ID,Order Date,Category,Sub-Category,Region,State,Segment,Ship Mode,Sales,Profit,Quantity,Discount
ORD-00001,2024-12-31,Office Supplies,Labels,Central,Ohio,Home Office,Standard Class,18.12,5.13,4,0.0
ORD-00002,2023-01-21,Technology,Copiers,West,Washington,Consumer,Standard Class,475.47,1.01,6,0.0
ORD-00003,2023-12-01,Office Supplies,Storage,Central,Illinois,Home Office,First Class,27.41,2.94,9,0.0
ORD-00004,2023-01-23,Office Supplies,Binders,Central,Illinois,Consumer,First Class,5.42,-0.16,7,0.0
ORD-00005,2024-10-22,Furniture,Chairs,South,Georgia,Corporate,Standard Class,624.71,83.62,2,0.0
ORD-00006,2024-03-26,Office Supplies,Art,West,Oregon,Home Office,First Class,84.81,23.09,2,0.3
ORD-00007,2024-11-30,Office Supplies,Art,South,Florida,Consumer,Standard Class,7.27,-1.03,9,0.0
ORD-00008,2023-01-27,Furniture,Bookcases,Central,Texas,Consumer,Second Class,543.97,-50.08,7,0.0
ORD-00009,2024-08-18,Office Supplies,Labels,Central,Illinois,Corporate,Standard Class,85.31,23.41,5,0.3
ORD-00010,2024-11-04,Office Supplies,Storage,East,New Jersey,Corporate,Standard Class,44.39,3.89,4,0.2
ORD-00011,2023-08-01,Office Supplies,Storage,East,New York,Corporate,First Class,21.15,-2.06,4,0.0
ORD-00012,2022-07-09,Office Supplies,Art,East,New Jersey,Corporate,Standard Class,40.7,11.41,7,0.2
ORD-00013,2023-11-15,Office Supplies,Labels,East,New Jersey,Consumer,Standard Class,37.06,-1.51,8,0.0
ORD-00014,2024-08-09,Furniture,Tables,South,Georgia,Consumer,Standard Class,315.41,-3.37,1,0.0
ORD-00015,2022-09-04,Furniture,Furnishings,West,Washington,Consumer,Second Class,204.44,-6.37,6,0.2
ORD-00016,2022-07-06,Office Supplies,Storage,Central,Texas,Consumer,Second Class,149.5,-5.49,7,0.1
ORD-00017,2023-04-18,Office Supplies,Paper,South,Florida,Corporate,Same Day,92.04,18.21,7,0.1
ORD-00018,2022-09-11,Office Supplies,Binders,West,California,Corporate,Second Class,12.39,3.7,8,0.2
ORD-00019,2022-04-14,Office Supplies,Storage,East,Pennsylvania,Consumer,Standard Class,111.75,-11.09,3,0.0
ORD-00020,2024-08-14,Furniture,Tables,West,Washington,Home Office,Second Class,491.07,109.63,8,0.0
ORD-00021,2023-04-15,Office Supplies,Art,Central,Ohio,Corporate,First Class,21.39,7.2,3,0.0
ORD-00022,2022-10-11,Office Supplies,Labels,West,California,Consumer,Same Day,90.68,12.33,1,0.1
ORD-00023,2024-11-26,Office Supplies,Labels,West,Oregon,Consumer,Standard Class,66.88,22.29,3,0.1
ORD-00024,2022-05-08,Office Supplies,Binders,South,North Carolina,Home Office,Same Day,13.96,-1.6,2,0.3
ORD-00025,2024-02-24,Furniture,Bookcases,West,Washington,Consumer,Standard Class,57.29,11.71,7,0.0
ORD-00026,2024-04-07,Office Supplies,Paper,East,New York,Home Office,Standard Class,72.72,14.62,3,0.1
ORD-00027,2023-07-29,Office Supplies,Storage,East,Pennsylvania,Consumer,First Class,56.03,0.09,5,0.0
ORD-00028,2024-02-13,Office Supplies,Art,East,New Jersey,Consumer,Same Day,55.66,6.7,7,0.1
ORD-00029,2024-12-17,Technology,Machines,East,New Jersey,Consumer,Second Class,192.52,-4.79,6,0.0
ORD-00030,2023-08-04,Office Supplies,Labels,Central,Ohio,Consumer,Standard Class,145.89,-3.81,3,0.1
ORD-00031,2024-10-05,Office Supplies,Art,East,New Jersey,Consumer,First Class,82.26,14.39,6,0.1
ORD-00032,2023-03-18,Office Supplies,Paper,West,Oregon,Home Office,First Class,77.02,14.79,8,0.1
ORD-00033,2023-01-15,Technology,Copiers,Central,Illinois,Corporate,Standard Class,444.87,115.76,8,0.1
ORD-00034,2023-05-14,Office Supplies,Art,Central,Illinois,Home Office,Standard Class,40.22,7.15,2,0.0
ORD-00035,2023-02-17,Furniture,Chairs,West,California,Home Office,Same Day,271.79,16.78,8,0.1
ORD-00036,2022-04-06,Office Supplies,Paper,East,New Jersey,Home Office,Second Class,32.86,9.17,1,0.3
ORD-00037,2022-03-03,Technology,Phones,West,California,Home Office,Standard Class,18.34,-2.26,9,0.0
ORD-00038,2022-05-24,Office Supplies,Art,Central,Illinois,Consumer,Second Class,47.09,0.67,5,0.0
ORD-00039,2024-07-23,Technology,Phones,East,Pennsylvania,Consumer,First Class,477.38,92.62,1,0.3
ORD-00040,2024-03-05,Office Supplies,Paper,East,Pennsylvania,Consumer,Standard Class,147.0,-15.81,3,0.0
ORD-00041,2024-12-29,Technology,Machines,Central,Texas,Home Office,Standard Class,329.39,-8.44,3,0.2
ORD-00042,2024-12-17,Office Supplies,Paper,South,Georgia,Consumer,Second Class,162.24,42.41,7,0.2
ORD-00043,2024-04-03,Furniture,Chairs,Central,Texas,Consumer,Same Day,633.5,7.19,6,0.1
ORD-00044,2022-02-16,Furniture,Bookcases,Central,Texas,Consumer,First Class,757.7,107.71,7,0.1
ORD-00045,2024-08-29,Technology,Copiers,South,Georgia,Corporate,Standard Class,728.36,-47.46,4,0.0
ORD-00046,2022-02-10,Furniture,Furnishings,South,Florida,Consumer,First Class,224.54,12.49,3,0.0
ORD-00047,2023-03-26,Office Supplies,Labels,Central,Texas,Home Office,Standard Class,9.33,1.17,5,0.2
ORD-00048,2022-06-26,Technology,Accessories,South,North Carolina,Corporate,Standard Class,931.58,125.34,1,0.2
ORD-00049,2023-06-02,Furniture,Chairs,South,North Carolina,Consumer,Standard Class,163.77,36.84,3,0.1
ORD-00050,2023-04-02,Technology,Accessories,West,Oregon,Home Office,Second Class,101.39,2.95,8,0.1
ORD-00051,2022-09-25,Office Supplies,Storage,Central,Illinois,Consumer,Standard Class,73.74,-7.8,9,0.3
ORD-00052,2023-08-01,Furniture,Bookcases,East,New York,Home Office,Second Class,340.0,43.32,3,0.1
ORD-00053,2024-10-16,Office Supplies,Binders,South,North Carolina,Corporate,First Class,51.94,10.33,4,0.1
ORD-00054,2023-06-30,Office Supplies,Art,South,Florida,Home Office,Standard Class,11.17,0.23,9,0.1
ORD-00055,2023-10-29,Furniture,Tables,South,Florida,Consumer,Standard Class,657.75,-35.42,3,0.0
ORD-00056,2024-04-17,Office Supplies,Labels,West,California,Corporate,Second Class,45.97,4.68,9,0.0
ORD-00057,2022-12-03,Office Supplies,Storage,Central,Texas,Home Office,Standard Class,19.67,4.41,4,0.2
ORD-00058,2022-03-19,Technology,Accessories,West,Oregon,Corporate,Second Class,1084.5,224.14,7,0.0
ORD-00059,2024-01-09,Furniture,Tables,West,Washington,Consumer,First Class,238.94,52.26,7,0.0
ORD-00060,2022-05-25,Furniture,Tables,South,Florida,Home Office,Second Class,219.56,19.71,4,0.1
ORD-00061,2023-03-01,Office Supplies,Binders,South,North Carolina,Home Office,Same Day,5.0,0.77,8,0.2
ORD-00062,2022-10-04,Office Supplies,Binders,East,Pennsylvania,Home Office,First Class,34.27,-0.26,8,0.0
ORD-00063,2023-07-02,Furniture,Bookcases,South,Florida,Home Office,First Class,171.87,23.72,4,0.2
ORD-00064,2022-07-13,Office Supplies,Storage,West,California,Home Office,Standard Class,178.23,-10.07,6,0.2
ORD-00065,2022-03-31,Technology,Copiers,Central,Texas,Consumer,Standard Class,1069.61,110.23,4,0.0
ORD-00066,2022-09-18,Furniture,Tables,South,Georgia,Corporate,Standard Class,583.2,134.2,8,0.1
ORD-00067,2022-08-24,Office Supplies,Binders,East,Pennsylvania,Home Office,Standard Class,30.82,10.65,2,0.3
ORD-00068,2024-05-22,Technology,Accessories,South,Florida,Consumer,First Class,643.1,-20.68,4,0.0
ORD-00069,2024-11-12,Office Supplies,Storage,East,Pennsylvania,Corporate,Standard Class,79.0,2.19,7,0.1
ORD-00070,2022-07-17,Technology,Machines,Central,Ohio,Corporate,First Class,425.06,105.0,1,0.0
ORD-00071,2024-10-17,Technology,Accessories,East,New York,Corporate,Second Class,565.73,-75.37,6,0.2
ORD-00072,2024-03-25,Technology,Phones,West,Washington,Home Office,Second Class,886.81,187.23,2,0.0
ORD-00073,2022-03-10,Office Supplies,Art,West,Oregon,Home Office,Standard Class,34.68,0.74,6,0.3
ORD-00074,2024-08-15,Technology,Copiers,West,California,Consumer,First Class,302.21,-29.89,4,0.1
ORD-00075,2024-10-10,Technology,Accessories,East,New Jersey,Consumer,Standard Class,261.19,70.58,7,0.0
ORD-00076,2024-09-09,Technology,Accessories,South,Georgia,Consumer,Standard Class,1701.41,29.94,4,0.0
ORD-00077,2022-03-16,Office Supplies,Art,East,Pennsylvania,Home Office,Standard Class,73.16,6.62,1,0.1
ORD-00078,2023-12-11,Technology,Accessories,South,Florida,Consumer,Standard Class,202.66,21.8,1,0.0
ORD-00079,2023-07-15,Office Supplies,Art,Central,Texas,Home Office,Second Class,93.93,4.57,3,0.0
ORD-00080,2022-10-13,Office Supplies,Labels,East,New York,Consumer,Standard Class,62.68,7.13,6,0.2
ORD-00081,2022-02-24,Office Supplies,Art,East,New York,Consumer,Standard Class,110.15,-1.61,2,0.0
ORD-00082,2024-10-28,Furniture,Tables,Central,Texas,Home Office,Second Class,486.98,121.72,3,0.0
ORD-00083,2024-03-24,Furniture,Tables,Central,Illinois,Corporate,Standard Class,103.72,19.09,5,0.0
ORD-00084,2022-05-31,Technology,Machines,West,Oregon,Home Office,Standard Class,479.36,77.84,2,0.3
ORD-00085,2024-06-23,Office Supplies,Labels,East,Pennsylvania,Consumer,First Class,91.83,29.77,6,0.0
ORD-00086,2023-06-10,Office Supplies,Binders,West,Oregon,Corporate,Standard Class,91.82,15.84,4,0.0
ORD-00087,2024-04-17,Furniture,Bookcases,East,New Jersey,Corporate,Standard Class,601.62,83.18,6,0.0
ORD-00088,2022-12-08,Office Supplies,Paper,South,North Carolina,Corporate,Standard Class,60.59,-3.78,1,0.1
ORD-00089,2024-10-16,Technology,Accessories,South,Georgia,Corporate,Standard Class,739.0,-77.47,3,0.0
ORD-00090,2022-07-06,Technology,Machines,South,Florida,Consumer,Standard Class,567.65,180.75,5,0.1
ORD-00091,2024-08-15,Office Supplies,Storage,Central,Ohio,Consumer,Second Class,65.96,1.7,1,0.0
ORD-00092,2022-05-11,Office Supplies,Binders,Central,Ohio,Corporate,Standard Class,19.39,6.47,6,0.0
ORD-00093,2024-08-14,Office Supplies,Storage,Central,Texas,Home Office,First Class,80.36,26.45,3,0.0
ORD-00094,2023-05-04,Office Supplies,Binders,West,California,Consumer,Standard Class,100.21,20.32,7,0.0
ORD-00095,2022-12-01,Office Supplies,Paper,Central,Illinois,Home Office,First Class,18.73,6.03,2,0.3
ORD-00096,2023-09-07,Technology,Accessories,Central,Illinois,Home Office,Second Class,771.64,-27.0,2,0.1
ORD-00097,2023-05-12,Office Supplies,Art,Central,Ohio,Home Office,Standard Class,178.15,11.3,2,0.1
ORD-00098,2024-11-28,Technology,Machines,Central,Texas,Consumer,Standard Class,534.32,-56.49,5,0.0
ORD-00099,2024-07-09,Office Supplies,Binders,West,Washington,Corporate,First Class,61.96,5.18,8,0.0
ORD-00100,2024-08-06,Technology,Phones,East,New York,Home Office,Standard Class,47.08,15.3,5,0.0
ORD-00101,2024-12-21,Technology,Machines,West,Oregon,Consumer,Second Class,122.26,42.25,8,0.0
ORD-00102,2022-08-14,Office Supplies,Labels,West,Washington,Home Office,Standard Class,35.56,8.9,6,0.2
ORD-00103,2023-02-23,Office Supplies,Art,West,California,Corporate,Second Class,46.08,-3.37,3,0.1
ORD-00104,2024-08-09,Technology,Phones,East,Pennsylvania,Home Office,Second Class,223.68,62.87,9,0.3
ORD-00105,2022-02-07,Office Supplies,Storage,West,Oregon,Consumer,Standard Class,36.44,3.57,6,0.2
ORD-00106,2024-11-29,Office Supplies,Labels,East,New York,Home Office,First Class,51.69,9.36,8,0.1
ORD-00107,2023-07-25,Technology,Copiers,Central,Texas,Consumer,Second Class,761.03,204.34,9,0.2
ORD-00108,2023-07-11,Office Supplies,Art,Central,Texas,Corporate,First Class,43.8,-3.05,4,0.2
ORD-00109,2024-12-05,Office Supplies,Paper,South,Florida,Consumer,Second Class,55.9,-5.15,2,0.1
ORD-00110,2024-09-20,Furniture,Tables,Central,Illinois,Corporate,First Class,658.94,209.95,4,0.0
ORD-00111,2024-06-04,Furniture,Furnishings,West,California,Corporate,Same Day,72.17,-9.18,2,0.1
ORD-00112,2024-08-05,Technology,Copiers,Central,Ohio,Consumer,Standard Class,1038.33,-13.69,4,0.1
ORD-00113,2022-06-06,Technology,Machines,Central,Texas,Corporate,Standard Class,356.22,84.22,4,0.2
ORD-00114,2022-01-21,Technology,Accessories,South,Florida,Consumer,Second Class,53.7,11.97,3,0.2
ORD-00115,2024-12-19,Office Supplies,Art,South,North Carolina,Home Office,Second Class,31.11,7.41,2,0.2
ORD-00116,2024-06-17,Furniture,Chairs,South,Georgia,Consumer,Standard Class,256.65,39.44,4,0.1
ORD-00117,2023-08-07,Office Supplies,Labels,East,Pennsylvania,Corporate,Standard Class,13.97,-2.01,2,0.1
ORD-00118,2024-03-11,Office Supplies,Storage,East,New York,Corporate,Standard Class,95.95,13.0,6,0.0
ORD-00119,2022-01-02,Office Supplies,Paper,South,Florida,Corporate,Standard Class,90.44,-9.84,4,0.2
ORD-00120,2022-05-02,Furniture,Bookcases,West,Washington,Home Office,Standard Class,180.72,30.4,3,0.0
ORD-00121,2023-12-17,Technology,Machines,Central,Texas,Home Office,First Class,567.12,142.27,7,0.2
ORD-00122,2024-06-13,Office Supplies,Paper,West,Washington,Consumer,Standard Class,67.21,-8.05,7,0.0
ORD-00123,2023-11-16,Office Supplies,Storage,Central,Illinois,Corporate,Standard Class,191.11,34.28,3,0.2
ORD-00124,2024-12-18,Office Supplies,Labels,South,Florida,Home Office,Standard Class,17.8,-2.4,1,0.0
ORD-00125,2022-01-24,Technology,Machines,West,California,Corporate,First Class,563.95,20.03,4,0.0
ORD-00126,2024-05-15,Office Supplies,Art,West,California,Corporate,First Class,104.49,-1.21,3,0.1
ORD-00127,2024-06-29,Furniture,Chairs,West,California,Corporate,Standard Class,283.05,14.9,7,0.2
ORD-00128,2024-10-01,Technology,Machines,East,New York,Corporate,Standard Class,170.67,23.84,4,0.1
ORD-00129,2022-09-18,Office Supplies,Binders,East,Pennsylvania,Home Office,Standard Class,44.79,-3.79,7,0.2
ORD-00130,2024-04-23,Technology,Accessories,West,Washington,Consumer,Second Class,304.62,61.96,6,0.1
ORD-00131,2022-06-05,Office Supplies,Art,East,New York,Corporate,Same Day,114.62,13.75,4,0.1
ORD-00132,2024-03-07,Furniture,Chairs,South,Georgia,Corporate,Second Class,91.92,-9.04,3,0.0
ORD-00133,2022-05-06,Office Supplies,Paper,South,North Carolina,Home Office,Standard Class,78.54,22.3,8,0.1
ORD-00134,2022-11-04,Office Supplies,Art,Central,Illinois,Consumer,Standard Class,21.75,-2.24,8,0.3
ORD-00135,2022-11-07,Technology,Accessories,Central,Illinois,Consumer,First Class,595.0,-84.04,2,0.0
ORD-00136,2022-12-11,Technology,Phones,South,North Carolina,Consumer,Standard Class,796.51,37.38,5,0.1
ORD-00137,2023-07-29,Office Supplies,Paper,South,Georgia,Consumer,Standard Class,111.5,31.82,9,0.1
ORD-00138,2023-05-09,Technology,Copiers,West,California,Corporate,Standard Class,343.53,2.95,1,0.2
ORD-00139,2023-12-12,Furniture,Bookcases,East,Pennsylvania,Consumer,Standard Class,501.8,62.35,1,0.0
ORD-00140,2024-08-25,Office Supplies,Paper,Central,Ohio,Corporate,First Class,105.19,29.63,2,0.0
ORD-00141,2022-10-31,Technology,Phones,South,Florida,Corporate,Second Class,1020.36,157.09,7,0.1
ORD-00142,2023-02-11,Technology,Machines,East,New York,Home Office,Standard Class,709.24,125.78,3,0.3
ORD-00143,2024-08-21,Office Supplies,Storage,West,Washington,Corporate,Second Class,44.06,0.16,3,0.0
ORD-00144,2022-12-16,Technology,Phones,East,Pennsylvania,Consumer,Standard Class,558.54,114.23,8,0.1
ORD-00145,2023-07-13,Office Supplies,Art,South,Georgia,Consumer,Second Class,21.09,5.48,6,0.1
ORD-00146,2023-11-13,Office Supplies,Paper,East,New York,Home Office,Second Class,40.08,-0.5,3,0.2
ORD-00147,2022-08-30,Furniture,Furnishings,West,California,Home Office,Standard Class,496.48,141.31,1,0.0
ORD-00148,2024-09-14,Furniture,Chairs,Central,Ohio,Corporate,Standard Class,436.99,-52.78,9,0.1
ORD-00149,2023-09-29,Office Supplies,Paper,Central,Illinois,Corporate,Standard Class,16.62,5.75,3,0.1
ORD-00150,2022-12-19,Technology,Phones,West,California,Corporate,Second Class,72.69,11.53,1,0.0
ORD-00151,2022-03-08,Furniture,Furnishings,East,Pennsylvania,Corporate,Same Day,814.48,13.44,6,0.0
ORD-00152,2022-04-26,Office Supplies,Binders,Central,Illinois,Home Office,Standard Class,53.83,10.5,9,0.0
ORD-00153,2024-09-06,Furniture,Chairs,Central,Texas,Corporate,Same Day,163.3,-14.71,3,0.0
ORD-00154,2022-10-13,Technology,Copiers,East,New York,Corporate,Standard Class,1532.69,-132.03,6,0.2
ORD-00155,2022-12-27,Furniture,Bookcases,West,California,Corporate,Standard Class,389.86,49.47,3,0.3
ORD-00156,2022-05-23,Office Supplies,Storage,West,Oregon,Home Office,Second Class,53.24,15.12,6,0.2
ORD-00157,2023-08-01,Office Supplies,Binders,Central,Texas,Corporate,First Class,46.27,15.21,2,0.0
ORD-00158,2024-04-12,Furniture,Tables,East,New Jersey,Consumer,Standard Class,731.98,36.11,9,0.1
ORD-00159,2024-11-01,Furniture,Tables,South,Florida,Corporate,Standard Class,436.71,2.58,4,0.1
ORD-00160,2022-09-11,Technology,Copiers,East,New Jersey,Corporate,Standard Class,70.3,-3.8,9,0.1
ORD-00161,2023-04-02,Technology,Machines,South,North Carolina,Home Office,Second Class,871.16,-98.17,3,0.0
ORD-00162,2024-02-24,Furniture,Furnishings,South,North Carolina,Home Office,Second Class,155.47,42.6,2,0.1
ORD-00163,2022-06-04,Office Supplies,Labels,Central,Ohio,Consumer,Standard Class,27.45,5.95,6,0.2
ORD-00164,2024-01-12,Office Supplies,Storage,East,Pennsylvania,Corporate,Standard Class,91.43,-3.88,5,0.1
ORD-00165,2023-11-03,Technology,Accessories,East,New York,Home Office,Standard Class,187.97,23.3,5,0.0
ORD-00166,2024-01-14,Furniture,Tables,South,Georgia,Consumer,Standard Class,403.58,132.42,1,0.0
ORD-00167,2023-07-26,Office Supplies,Binders,East,Pennsylvania,Consumer,First Class,112.76,35.54,8,0.0
ORD-00168,2022-03-20,Office Supplies,Storage,West,California,Consumer,Standard Class,45.36,15.61,7,0.0
ORD-00169,2023-02-12,Furniture,Bookcases,Central,Texas,Corporate,Standard Class,572.46,59.7,8,0.0
ORD-00170,2023-05-14,Technology,Copiers,Central,Ohio,Home Office,Standard Class,258.57,60.04,6,0.1
ORD-00171,2022-11-25,Technology,Machines,South,Florida,Corporate,Standard Class,262.06,-23.4,4,0.0
ORD-00172,2023-01-05,Technology,Machines,West,Oregon,Home Office,Standard Class,190.81,17.75,2,0.0
ORD-00173,2023-05-03,Furniture,Tables,Central,Texas,Corporate,First Class,215.71,33.75,6,0.1
ORD-00174,2024-06-06,Office Supplies,Storage,West,California,Corporate,First Class,84.83,14.25,5,0.1
ORD-00175,2022-09-13,Technology,Machines,Central,Ohio,Corporate,Standard Class,279.8,89.17,2,0.3
ORD-00176,2022-03-29,Technology,Machines,West,Oregon,Home Office,Standard Class,157.31,24.53,6,0.2
ORD-00177,2022-05-16,Furniture,Furnishings,Central,Texas,Home Office,Same Day,46.52,-1.24,5,0.0
ORD-00178,2023-04-18,Furniture,Furnishings,South,Georgia,Corporate,First Class,854.98,23.68,9,0.0
ORD-00179,2024-11-03,Technology,Copiers,East,Pennsylvania,Home Office,Standard Class,501.72,94.92,3,0.2
ORD-00180,2024-11-09,Technology,Phones,West,Oregon,Consumer,Standard Class,210.63,-31.4,7,0.1
ORD-00181,2024-11-09,Furniture,Furnishings,East,New York,Consumer,Standard Class,471.27,49.51,3,0.2
ORD-00182,2023-06-20,Office Supplies,Art,South,Georgia,Corporate,Second Class,101.07,10.02,3,0.2
ORD-00183,2024-07-15,Technology,Accessories,West,California,Consumer,Standard Class,574.79,21.11,7,0.1
ORD-00184,2023-04-21,Furniture,Furnishings,East,New Jersey,Home Office,First Class,336.69,81.76,6,0.1
ORD-00185,2023-05-15,Office Supplies,Binders,West,California,Corporate,First Class,75.83,-10.38,1,0.0
ORD-00186,2023-07-17,Office Supplies,Binders,Central,Texas,Corporate,Second Class,101.63,25.54,5,0.0
ORD-00187,2023-10-03,Furniture,Bookcases,West,Oregon,Home Office,First Class,249.8,-30.32,9,0.0
ORD-00188,2023-02-18,Office Supplies,Labels,West,Washington,Consumer,Standard Class,92.78,5.98,9,0.0
ORD-00189,2023-08-19,Furniture,Furnishings,South,North Carolina,Consumer,Second Class,161.5,3.71,2,0.1
ORD-00190,2024-08-01,Furniture,Bookcases,West,Oregon,Home Office,Standard Class,61.92,-1.35,3,0.3
ORD-00191,2024-05-02,Office Supplies,Storage,Central,Texas,Consumer,Standard Class,32.18,-2.99,2,0.0
ORD-00192,2023-07-27,Office Supplies,Binders,East,New York,Corporate,Standard Class,68.51,8.34,6,0.2
ORD-00193,2022-01-22,Office Supplies,Labels,East,Pennsylvania,Consumer,Second Class,81.93,6.65,3,0.1
ORD-00194,2023-09-03,Office Supplies,Art,Central,Illinois,Home Office,Standard Class,28.92,6.61,6,0.0
ORD-00195,2024-09-27,Technology,Accessories,South,Georgia,Consumer,Standard Class,187.46,24.18,2,0.2
ORD-00196,2024-10-08,Office Supplies,Art,East,Pennsylvania,Home Office,Standard Class,32.49,-3.36,5,0.0
ORD-00197,2022-06-13,Furniture,Furnishings,South,Florida,Corporate,Standard Class,658.43,112.81,8,0.0
ORD-00198,2024-04-27,Office Supplies,Art,West,Oregon,Corporate,Second Class,38.12,6.75,5,0.2
ORD-00199,2024-03-24,Furniture,Furnishings,East,New Jersey,Consumer,Second Class,209.65,19.43,5,0.3
ORD-00200,2022-09-04,Office Supplies,Art,West,Washington,Home Office,Standard Class,66.67,17.43,5,0.0
ORD-00201,2023-10-08,Technology,Copiers,West,Washington,Consumer,Standard Class,192.41,16.47,9,0.0
ORD-00202,2024-09-12,Technology,Copiers,South,Georgia,Consumer,Second Class,257.29,15.45,2,0.2
ORD-00203,2024-06-14,Furniture,Bookcases,East,New Jersey,Consumer,Standard Class,228.64,19.58,3,0.2
ORD-00204,2023-03-30,Office Supplies,Paper,Central,Ohio,Corporate,Standard Class,35.99,6.17,4,0.0
ORD-00205,2024-08-06,Office Supplies,Labels,Central,Texas,Consumer,Second Class,73.18,20.9,7,0.3
ORD-00206,2023-10-08,Office Supplies,Paper,Central,Texas,Consumer,Standard Class,80.83,6.48,4,0.1
ORD-00207,2022-10-08,Office Supplies,Storage,South,Florida,Consumer,Standard Class,165.58,55.16,6,0.0
ORD-00208,2022-10-11,Technology,Accessories,Central,Texas,Corporate,Standard Class,163.62,46.86,8,0.0
ORD-00209,2022-11-16,Furniture,Chairs,West,California,Home Office,Standard Class,612.24,160.57,5,0.0
ORD-00210,2022-03-09,Technology,Phones,South,North Carolina,Home Office,Same Day,113.43,30.52,3,0.1
ORD-00211,2024-10-09,Technology,Machines,East,New York,Corporate,Standard Class,735.58,79.97,8,0.1
ORD-00212,2024-03-30,Technology,Phones,Central,Illinois,Consumer,Second Class,540.2,89.49,4,0.1
ORD-00213,2022-03-17,Furniture,Bookcases,South,Georgia,Corporate,Standard Class,253.71,26.17,7,0.2
ORD-00214,2023-12-31,Office Supplies,Binders,East,Pennsylvania,Corporate,Second Class,42.81,3.7,3,0.1
ORD-00215,2024-09-24,Office Supplies,Binders,East,New York,Consumer,Standard Class,62.75,16.73,4,0.0
ORD-00216,2023-09-10,Technology,Phones,South,Georgia,Consumer,Standard Class,495.64,78.57,8,0.0
ORD-00217,2024-02-18,Office Supplies,Binders,Central,Texas,Home Office,Standard Class,43.33,13.64,1,0.1
ORD-00218,2023-08-25,Technology,Phones,East,New York,Corporate,Standard Class,418.67,17.55,4,0.0
ORD-00219,2022-11-28,Office Supplies,Art,East,New York,Corporate,Standard Class,29.77,9.55,9,0.0
ORD-00220,2023-07-17,Office Supplies,Paper,West,Washington,Consumer,Standard Class,58.44,-5.24,2,0.2
ORD-00221,2022-09-25,Office Supplies,Paper,East,New York,Consumer,First Class,85.53,11.85,5,0.1
ORD-00222,2022-10-04,Furniture,Chairs,Central,Texas,Home Office,Standard Class,168.67,0.53,2,0.0
ORD-00223,2022-12-26,Office Supplies,Binders,Central,Ohio,Consumer,Standard Class,155.09,5.43,6,0.0
ORD-00224,2023-02-25,Office Supplies,Art,East,New Jersey,Home Office,Standard Class,38.99,6.74,3,0.0
ORD-00225,2023-07-30,Technology,Machines,East,New York,Consumer,Standard Class,650.12,-26.69,6,0.0
ORD-00226,2023-03-19,Furniture,Tables,East,Pennsylvania,Corporate,Standard Class,105.35,32.96,3,0.0
ORD-00227,2023-04-30,Furniture,Chairs,West,Washington,Home Office,Standard Class,314.3,11.76,3,0.0
ORD-00228,2022-03-18,Technology,Phones,East,New York,Consumer,Standard Class,141.35,33.47,5,0.3
ORD-00229,2022-12-09,Office Supplies,Labels,West,California,Corporate,Standard Class,63.89,-1.3,3,0.0
ORD-00230,2022-12-25,Office Supplies,Art,East,New Jersey,Home Office,Standard Class,15.68,-1.17,2,0.3
ORD-00231,2022-04-14,Technology,Machines,South,Georgia,Consumer,Standard Class,425.4,34.34,7,0.2
ORD-00232,2022-03-05,Technology,Phones,South,Georgia,Home Office,Standard Class,1096.02,-143.59,6,0.1
ORD-00233,2023-07-12,Furniture,Furnishings,South,Florida,Corporate,Standard Class,805.98,261.58,4,0.3
ORD-00234,2023-02-11,Office Supplies,Storage,East,Pennsylvania,Home Office,Second Class,59.9,16.94,2,0.1
ORD-00235,2022-04-26,Office Supplies,Labels,Central,Ohio,Home Office,Standard Class,5.0,-0.0,8,0.1
ORD-00236,2022-10-14,Office Supplies,Labels,East,New Jersey,Corporate,Standard Class,92.73,26.52,5,0.0
ORD-00237,2022-01-19,Technology,Accessories,East,Pennsylvania,Home Office,Second Class,654.1,-68.74,7,0.3
ORD-00238,2022-05-21,Technology,Phones,Central,Texas,Home Office,Standard Class,658.86,179.84,2,0.2
ORD-00239,2024-06-28,Office Supplies,Art,West,Oregon,Home Office,First Class,85.27,-9.71,3,0.3
ORD-00240,2022-11-18,Office Supplies,Binders,Central,Illinois,Home Office,First Class,44.01,-0.42,8,0.0
ORD-00241,2022-11-17,Office Supplies,Storage,West,California,Consumer,Standard Class,27.25,-3.63,3,0.0
ORD-00242,2024-11-12,Technology,Machines,East,New Jersey,Corporate,Standard Class,336.65,56.74,2,0.1
ORD-00243,2024-11-11,Furniture,Chairs,South,North Carolina,Corporate,Standard Class,613.67,189.25,8,0.0
ORD-00244,2024-05-22,Furniture,Tables,West,Washington,Corporate,First Class,142.52,-18.04,6,0.1
ORD-00245,2024-07-28,Office Supplies,Binders,West,California,Home Office,Standard Class,107.2,-10.62,1,0.0
ORD-00246,2024-06-29,Technology,Copiers,South,Georgia,Corporate,Standard Class,343.3,64.39,1,0.3
ORD-00247,2023-09-24,Office Supplies,Art,Central,Texas,Consumer,Standard Class,79.17,-1.81,5,0.0
ORD-00248,2023-06-17,Furniture,Furnishings,Central,Texas,Home Office,Standard Class,208.45,8.87,9,0.1
ORD-00249,2024-06-10,Furniture,Tables,Central,Texas,Consumer,First Class,231.63,48.6,9,0.1
ORD-00250,2022-06-11,Technology,Accessories,East,New York,Corporate,Second Class,478.37,-41.68,3,0.3
ORD-00251,2022-08-23,Office Supplies,Binders,South,Florida,Corporate,Standard Class,31.75,-0.51,5,0.1
ORD-00252,2024-05-17,Office Supplies,Paper,West,California,Consumer,First Class,43.96,9.59,6,0.0
ORD-00253,2024-01-10,Office Supplies,Labels,Central,Texas,Corporate,First Class,45.89,-0.75,1,0.1
ORD-00254,2024-01-15,Office Supplies,Paper,Central,Ohio,Consumer,Second Class,33.36,-4.71,5,0.0
ORD-00255,2022-01-12,Office Supplies,Art,East,Pennsylvania,Home Office,Second Class,56.66,16.96,1,0.0
ORD-00256,2023-05-04,Office Supplies,Storage,South,North Carolina,Corporate,Standard Class,52.0,4.51,7,0.1
ORD-00257,2023-06-24,Technology,Machines,East,Pennsylvania,Corporate,Standard Class,211.94,63.17,9,0.1
ORD-00258,2024-05-12,Office Supplies,Labels,East,New Jersey,Corporate,Standard Class,78.57,1.78,4,0.0
ORD-00259,2024-03-04,Office Supplies,Binders,West,Washington,Corporate,Standard Class,24.13,2.77,5,0.3
ORD-00260,2022-10-29,Office Supplies,Paper,West,Washington,Consumer,Standard Class,182.44,-12.25,8,0.0
ORD-00261,2022-02-19,Technology,Copiers,Central,Texas,Home Office,Same Day,263.62,85.87,8,0.0
ORD-00262,2022-10-01,Office Supplies,Storage,East,New York,Home Office,Second Class,76.43,12.32,6,0.0
ORD-00263,2022-09-02,Office Supplies,Binders,Central,Ohio,Consumer,Standard Class,102.69,-3.49,7,0.0
ORD-00264,2023-02-25,Office Supplies,Labels,West,California,Corporate,Standard Class,38.67,12.11,5,0.0
ORD-00265,2024-02-29,Technology,Copiers,South,North Carolina,Corporate,Standard Class,261.91,-23.77,9,0.1
ORD-00266,2023-08-28,Technology,Machines,East,New York,Home Office,Same Day,356.12,-37.26,3,0.1
ORD-00267,2022-04-26,Office Supplies,Binders,West,California,Home Office,Standard Class,115.36,34.74,4,0.2
ORD-00268,2022-12-20,Furniture,Chairs,East,Pennsylvania,Home Office,Standard Class,37.62,2.47,8,0.0
ORD-00269,2023-12-01,Office Supplies,Storage,Central,Texas,Corporate,First Class,92.36,21.39,7,0.1
ORD-00270,2022-04-22,Office Supplies,Labels,East,New York,Corporate,First Class,44.33,-5.07,4,0.0
ORD-00271,2022-02-09,Office Supplies,Storage,Central,Ohio,Home Office,First Class,28.73,2.35,5,0.1
ORD-00272,2024-04-04,Office Supplies,Labels,West,California,Corporate,Standard Class,113.25,3.52,9,0.0
ORD-00273,2023-01-19,Furniture,Chairs,East,New Jersey,Consumer,Standard Class,662.21,0.97,5,0.1
ORD-00274,2024-12-06,Office Supplies,Binders,West,Oregon,Corporate,Standard Class,88.99,20.21,5,0.3
ORD-00275,2024-07-26,Office Supplies,Storage,Central,Ohio,Consumer,Standard Class,24.24,7.91,6,0.1
ORD-00276,2024-07-05,Technology,Machines,East,New Jersey,Consumer,First Class,548.17,111.96,3,0.2
ORD-00277,2024-10-21,Technology,Copiers,Central,Ohio,Corporate,Second Class,266.27,-21.01,6,0.0
ORD-00278,2022-06-24,Furniture,Chairs,Central,Texas,Corporate,Standard Class,560.53,3.36,4,0.1
ORD-00279,2024-04-05,Technology,Machines,South,Georgia,Consumer,Standard Class,782.14,78.64,6,0.1
ORD-00280,2022-10-10,Office Supplies,Labels,East,New York,Home Office,Standard Class,65.42,21.64,3,0.0
ORD-00281,2023-03-28,Furniture,Tables,East,New Jersey,Home Office,Standard Class,68.01,-7.79,8,0.1
ORD-00282,2023-05-15,Technology,Machines,Central,Illinois,Home Office,Standard Class,753.81,93.8,5,0.0
ORD-00283,2024-04-25,Office Supplies,Binders,East,New York,Consumer,Standard Class,12.53,0.21,6,0.0
ORD-00284,2023-01-26,Furniture,Bookcases,South,Florida,Consumer,Standard Class,448.48,26.54,6,0.0
ORD-00285,2022-12-27,Office Supplies,Paper,Central,Illinois,Corporate,Second Class,14.18,0.73,5,0.0
ORD-00286,2024-10-15,Office Supplies,Storage,East,New Jersey,Corporate,Second Class,53.06,11.68,2,0.1
ORD-00287,2023-10-31,Furniture,Bookcases,Central,Ohio,Corporate,Second Class,900.09,114.03,5,0.0
ORD-00288,2023-04-26,Office Supplies,Storage,West,California,Consumer,Standard Class,29.41,3.32,2,0.1
ORD-00289,2023-10-24,Furniture,Chairs,West,California,Home Office,Standard Class,448.62,73.46,4,0.0
ORD-00290,2022-02-15,Office Supplies,Binders,West,California,Corporate,Standard Class,119.14,40.33,1,0.1
ORD-00291,2023-01-02,Office Supplies,Storage,South,North Carolina,Home Office,Second Class,34.92,5.05,1,0.0
ORD-00292,2023-01-04,Furniture,Furnishings,East,New Jersey,Consumer,Standard Class,58.45,17.87,1,0.0
ORD-00293,2022-03-02,Furniture,Tables,South,North Carolina,Corporate,First Class,75.28,2.72,7,0.1
ORD-00294,2023-08-12,Office Supplies,Art,Central,Ohio,Home Office,Standard Class,36.94,3.94,7,0.0
ORD-00295,2023-05-24,Furniture,Tables,East,New York,Corporate,Second Class,607.44,180.82,9,0.0
ORD-00296,2022-05-03,Office Supplies,Labels,West,Oregon,Home Office,Standard Class,208.8,14.88,5,0.1
ORD-00297,2024-02-11,Technology,Accessories,South,North Carolina,Home Office,Second Class,69.52,-3.13,1,0.0
ORD-00298,2024-11-27,Furniture,Chairs,East,Pennsylvania,Corporate,First Class,834.89,203.1,5,0.1
ORD-00299,2024-08-21,Technology,Copiers,Central,Ohio,Consumer,Standard Class,151.83,17.88,5,0.1
ORD-00300,2023-06-28,Technology,Phones,East,New Jersey,Corporate,Standard Class,135.11,22.44,1,0.2
ORD-00301,2022-05-17,Furniture,Chairs,East,New York,Corporate,Standard Class,367.0,8.22,3,0.2
ORD-00302,2023-10-15,Office Supplies,Labels,Central,Texas,Home Office,Standard Class,5.0,0.47,1,0.0
ORD-00303,2023-10-24,Technology,Accessories,South,Georgia,Corporate,Standard Class,38.38,11.16,3,0.2
ORD-00304,2023-02-16,Office Supplies,Storage,West,Oregon,Corporate,First Class,74.52,4.28,1,0.3
ORD-00305,2024-08-03,Office Supplies,Paper,East,New York,Consumer,Standard Class,73.47,23.7,1,0.0
ORD-00306,2022-11-01,Office Supplies,Paper,East,New Jersey,Consumer,Second Class,6.04,1.97,1,0.2
ORD-00307,2023-06-25,Technology,Machines,East,New Jersey,Consumer,Standard Class,981.35,207.77,8,0.0
ORD-00308,2023-09-22,Technology,Phones,Central,Ohio,Consumer,First Class,745.49,-43.45,2,0.1
ORD-00309,2022-02-26,Office Supplies,Labels,West,Washington,Consumer,Standard Class,40.06,-4.68,9,0.3
ORD-00310,2023-06-16,Office Supplies,Labels,West,Oregon,Corporate,Standard Class,6.85,0.25,7,0.0
ORD-00311,2023-09-11,Office Supplies,Storage,West,Oregon,Consumer,Standard Class,78.05,20.74,1,0.0
ORD-00312,2024-12-07,Technology,Phones,South,North Carolina,Home Office,Second Class,944.54,102.96,1,0.2
ORD-00313,2024-06-13,Office Supplies,Labels,Central,Ohio,Home Office,Standard Class,67.84,20.63,7,0.2
ORD-00314,2024-07-26,Office Supplies,Art,West,California,Consumer,Standard Class,26.25,3.79,9,0.0
ORD-00315,2023-08-16,Office Supplies,Art,West,Oregon,Corporate,Same Day,8.83,0.64,7,0.0
ORD-00316,2023-11-09,Office Supplies,Binders,Central,Ohio,Home Office,Standard Class,24.66,2.01,4,0.2
ORD-00317,2024-06-05,Office Supplies,Art,South,North Carolina,Consumer,Standard Class,84.16,16.79,1,0.0
ORD-00318,2024-04-07,Office Supplies,Labels,East,New Jersey,Home Office,First Class,53.78,15.82,8,0.2
ORD-00319,2022-11-27,Technology,Accessories,West,Washington,Home Office,First Class,303.56,101.28,4,0.2
ORD-00320,2022-12-31,Technology,Phones,West,Oregon,Home Office,Standard Class,1631.36,539.29,5,0.0
ORD-00321,2024-03-13,Furniture,Furnishings,South,Florida,Home Office,First Class,98.46,30.35,1,0.0
ORD-00322,2022-05-18,Office Supplies,Storage,Central,Texas,Home Office,First Class,28.39,5.34,9,0.2
ORD-00323,2024-06-19,Office Supplies,Paper,Central,Texas,Corporate,Second Class,43.73,7.64,1,0.3
ORD-00324,2022-07-08,Office Supplies,Storage,South,North Carolina,Home Office,Second Class,111.67,-7.41,5,0.3
ORD-00325,2024-07-06,Office Supplies,Binders,West,Washington,Corporate,Standard Class,110.45,16.53,8,0.1
ORD-00326,2023-03-10,Office Supplies,Labels,West,Washington,Home Office,Second Class,73.12,18.38,6,0.2
ORD-00327,2024-03-15,Technology,Phones,East,Pennsylvania,Home Office,Standard Class,909.64,-100.72,8,0.1
ORD-00328,2023-10-02,Furniture,Furnishings,West,Washington,Home Office,Second Class,77.02,7.76,8,0.1
ORD-00329,2022-07-31,Office Supplies,Binders,Central,Ohio,Home Office,First Class,78.92,11.96,9,0.1
ORD-00330,2024-08-02,Furniture,Furnishings,South,North Carolina,Corporate,Standard Class,489.6,119.81,7,0.1
ORD-00331,2023-04-30,Office Supplies,Paper,South,North Carolina,Home Office,Second Class,63.23,-4.24,8,0.3
ORD-00332,2022-02-08,Office Supplies,Labels,West,Washington,Home Office,Second Class,12.78,-0.83,4,0.3
ORD-00333,2024-02-29,Furniture,Furnishings,Central,Ohio,Corporate,Second Class,85.53,11.26,5,0.0
ORD-00334,2024-12-24,Office Supplies,Storage,South,Georgia,Corporate,Second Class,6.75,0.4,9,0.0
ORD-00335,2022-04-16,Office Supplies,Storage,South,Florida,Consumer,First Class,36.25,9.79,1,0.1
ORD-00336,2022-07-20,Furniture,Chairs,West,California,Home Office,Standard Class,69.76,3.73,7,0.2
ORD-00337,2024-05-26,Technology,Accessories,South,Florida,Consumer,Second Class,1244.6,-43.67,7,0.1
ORD-00338,2024-01-28,Office Supplies,Art,East,Pennsylvania,Home Office,Standard Class,143.11,44.87,8,0.0
ORD-00339,2024-06-24,Furniture,Tables,South,North Carolina,Consumer,Standard Class,157.68,39.1,4,0.2
ORD-00340,2023-01-18,Office Supplies,Labels,West,Oregon,Consumer,Second Class,41.59,11.87,2,0.0
ORD-00341,2024-06-29,Technology,Accessories,South,Florida,Home Office,Standard Class,218.88,70.55,8,0.3
ORD-00342,2022-06-05,Technology,Machines,East,New York,Home Office,Standard Class,164.88,15.44,2,0.0
ORD-00343,2022-08-26,Technology,Copiers,West,California,Home Office,Second Class,273.91,5.53,8,0.0
ORD-00344,2023-07-19,Technology,Accessories,South,North Carolina,Consumer,First Class,497.61,62.49,4,0.0
ORD-00345,2022-05-20,Furniture,Bookcases,Central,Illinois,Home Office,First Class,180.94,-11.44,1,0.0
ORD-00346,2024-05-12,Office Supplies,Storage,Central,Ohio,Home Office,First Class,63.88,12.05,5,0.0
ORD-00347,2024-04-01,Office Supplies,Labels,East,New Jersey,Home Office,Standard Class,41.04,0.66,2,0.0
ORD-00348,2022-07-03,Office Supplies,Storage,East,Pennsylvania,Corporate,Standard Class,33.96,10.99,3,0.2
ORD-00349,2024-09-03,Office Supplies,Paper,East,Pennsylvania,Home Office,First Class,92.18,1.84,8,0.0
ORD-00350,2023-03-23,Furniture,Furnishings,South,Florida,Home Office,Standard Class,274.97,-8.25,8,0.0
ORD-00351,2024-07-08,Technology,Phones,Central,Illinois,Corporate,Standard Class,617.82,139.37,8,0.1
ORD-00352,2023-04-09,Office Supplies,Storage,West,Oregon,Home Office,Standard Class,42.8,8.93,7,0.0
ORD-00353,2023-01-03,Technology,Copiers,Central,Ohio,Consumer,First Class,989.4,-57.07,5,0.0
ORD-00354,2024-06-02,Technology,Phones,West,California,Consumer,Standard Class,357.09,23.9,5,0.1
ORD-00355,2023-04-16,Office Supplies,Storage,South,North Carolina,Home Office,Second Class,7.12,1.85,6,0.3
ORD-00356,2023-05-18,Office Supplies,Paper,East,New York,Consumer,Standard Class,88.63,2.73,6,0.0
ORD-00357,2022-01-30,Technology,Accessories,East,New Jersey,Home Office,Standard Class,203.19,58.23,8,0.0
ORD-00358,2023-04-02,Furniture,Furnishings,West,Washington,Consumer,Second Class,180.17,20.14,6,0.0
ORD-00359,2023-02-09,Office Supplies,Paper,West,Washington,Corporate,First Class,35.44,10.56,8,0.0
ORD-00360,2022-06-15,Office Supplies,Paper,East,New York,Consumer,Standard Class,11.22,0.45,6,0.0
ORD-00361,2024-12-19,Office Supplies,Labels,South,North Carolina,Corporate,Standard Class,5.0,0.96,9,0.3
ORD-00362,2023-07-25,Office Supplies,Art,West,Washington,Home Office,Second Class,56.48,-6.54,7,0.2
ORD-00363,2023-02-23,Technology,Copiers,Central,Texas,Consumer,Standard Class,390.7,20.16,8,0.1
ORD-00364,2024-03-10,Technology,Accessories,East,New Jersey,Home Office,Standard Class,438.71,-18.22,4,0.0
ORD-00365,2022-08-25,Technology,Copiers,East,Pennsylvania,Home Office,Standard Class,1082.91,9.58,9,0.0
ORD-00366,2022-04-13,Technology,Copiers,South,North Carolina,Consumer,Standard Class,930.53,107.61,5,0.2
ORD-00367,2023-10-25,Technology,Machines,West,California,Consumer,First Class,962.33,262.07,4,0.1
ORD-00368,2023-08-31,Office Supplies,Paper,Central,Illinois,Home Office,Standard Class,71.94,9.33,1,0.2
ORD-00369,2023-03-30,Technology,Phones,South,Georgia,Home Office,Standard Class,299.26,12.31,7,0.0
ORD-00370,2022-08-13,Technology,Phones,South,North Carolina,Home Office,Standard Class,60.08,17.64,5,0.0
ORD-00371,2023-01-03,Technology,Phones,South,Georgia,Home Office,Standard Class,221.25,46.93,7,0.2
ORD-00372,2022-04-09,Office Supplies,Art,South,Georgia,Consumer,Standard Class,78.91,-1.4,2,0.0
ORD-00373,2023-04-28,Furniture,Bookcases,South,Florida,Home Office,Standard Class,190.83,-27.55,4,0.1
ORD-00374,2022-03-13,Furniture,Bookcases,Central,Ohio,Home Office,Standard Class,240.39,15.16,1,0.0
ORD-00375,2022-03-31,Furniture,Chairs,South,Florida,Corporate,Standard Class,505.78,9.47,5,0.1
ORD-00376,2024-03-07,Office Supplies,Labels,South,Florida,Home Office,First Class,19.6,2.67,5,0.0
ORD-00377,2024-07-06,Office Supplies,Binders,West,Oregon,Home Office,First Class,9.7,2.56,3,0.0
ORD-00378,2023-11-23,Furniture,Tables,East,Pennsylvania,Consumer,Standard Class,226.61,-6.74,9,0.1
ORD-00379,2023-09-30,Furniture,Chairs,South,North Carolina,Consumer,Same Day,452.33,-59.95,2,0.0
ORD-00380,2023-05-05,Furniture,Bookcases,South,North Carolina,Corporate,Standard Class,450.88,-2.38,5,0.2
ORD-00381,2022-05-24,Office Supplies,Paper,South,Florida,Consumer,Standard Class,106.84,6.92,8,0.0
ORD-00382,2022-11-02,Furniture,Bookcases,West,Oregon,Corporate,Second Class,249.59,43.94,5,0.0
ORD-00383,2023-02-14,Office Supplies,Art,South,North Carolina,Home Office,Second Class,9.29,3.08,3,0.0
ORD-00384,2023-11-25,Office Supplies,Paper,East,Pennsylvania,Consumer,Second Class,9.37,1.84,8,0.0
ORD-00385,2022-07-04,Technology,Accessories,Central,Texas,Corporate,Standard Class,242.36,52.61,2,0.0
ORD-00386,2022-07-20,Office Supplies,Binders,South,Georgia,Corporate,Standard Class,112.05,26.75,3,0.1
ORD-00387,2023-06-08,Office Supplies,Paper,East,New Jersey,Corporate,Standard Class,70.9,-9.76,5,0.0
ORD-00388,2022-11-10,Technology,Copiers,West,Washington,Consumer,Standard Class,142.51,16.07,4,0.0
ORD-00389,2022-07-14,Technology,Copiers,West,Washington,Consumer,Second Class,299.51,-32.7,5,0.2
ORD-00390,2024-10-01,Office Supplies,Art,South,Florida,Consumer,First Class,58.25,5.8,5,0.1
ORD-00391,2022-02-12,Office Supplies,Storage,West,Oregon,Corporate,Standard Class,41.23,1.17,3,0.2
ORD-00392,2022-11-22,Office Supplies,Labels,Central,Ohio,Home Office,Standard Class,34.71,-1.29,8,0.3
ORD-00393,2023-07-20,Furniture,Furnishings,Central,Ohio,Corporate,Standard Class,653.48,187.43,3,0.1
ORD-00394,2023-12-07,Office Supplies,Labels,Central,Texas,Consumer,Standard Class,112.76,18.74,3,0.0
ORD-00395,2022-08-31,Office Supplies,Labels,South,Florida,Corporate,Standard Class,108.54,17.32,9,0.2
ORD-00396,2022-07-30,Office Supplies,Labels,West,Oregon,Home Office,First Class,61.65,-0.06,9,0.0
ORD-00397,2023-10-28,Technology,Machines,Central,Ohio,Corporate,Standard Class,85.9,9.59,3,0.3
ORD-00398,2022-11-24,Office Supplies,Paper,South,Florida,Corporate,Second Class,140.31,11.66,9,0.1
ORD-00399,2022-02-15,Office Supplies,Storage,East,New York,Corporate,Standard Class,75.69,25.55,6,0.3
ORD-00400,2022-01-07,Office Supplies,Storage,South,Florida,Corporate,First Class,16.84,2.4,9,0.0
ORD-00401,2022-11-30,Office Supplies,Binders,South,Georgia,Consumer,Standard Class,49.96,16.01,8,0.0
ORD-00402,2022-09-01,Office Supplies,Labels,South,Georgia,Corporate,Standard Class,26.92,1.55,7,0.1
ORD-00403,2023-01-26,Furniture,Tables,West,California,Consumer,Second Class,119.45,-8.21,2,0.0
ORD-00404,2023-04-23,Office Supplies,Art,East,New Jersey,Home Office,Standard Class,52.55,-4.82,8,0.0
ORD-00405,2023-01-12,Office Supplies,Storage,Central,Illinois,Consumer,Standard Class,10.42,0.69,4,0.0
ORD-00406,2023-06-26,Technology,Accessories,South,North Carolina,Corporate,Standard Class,186.8,30.83,4,0.1
ORD-00407,2023-03-18,Furniture,Chairs,East,New Jersey,Corporate,Second Class,797.01,48.88,5,0.1
ORD-00408,2024-05-11,Office Supplies,Labels,South,Georgia,Consumer,Standard Class,10.38,-1.11,7,0.3
ORD-00409,2022-06-21,Furniture,Bookcases,West,Oregon,Home Office,Standard Class,322.43,-13.49,1,0.0
ORD-00410,2023-08-28,Office Supplies,Storage,West,California,Home Office,Standard Class,30.47,9.68,9,0.0
ORD-00411,2023-03-09,Office Supplies,Art,South,North Carolina,Corporate,Standard Class,14.86,3.45,7,0.1
ORD-00412,2022-12-14,Office Supplies,Storage,Central,Illinois,Consumer,Same Day,62.22,2.65,6,0.1
ORD-00413,2022-12-06,Technology,Copiers,Central,Illinois,Consumer,Standard Class,311.7,34.36,3,0.1
ORD-00414,2024-04-18,Technology,Phones,Central,Ohio,Consumer,Standard Class,371.52,44.82,5,0.0
ORD-00415,2022-01-12,Office Supplies,Binders,East,Pennsylvania,Home Office,Standard Class,86.98,16.99,5,0.0
ORD-00416,2022-06-28,Technology,Machines,West,Washington,Consumer,Standard Class,801.68,45.57,4,0.2
ORD-00417,2024-06-22,Technology,Copiers,Central,Illinois,Corporate,Second Class,550.61,-35.93,4,0.1
ORD-00418,2022-06-24,Furniture,Tables,Central,Texas,Home Office,Second Class,304.72,-2.96,9,0.0
ORD-00419,2024-11-03,Technology,Phones,West,Washington,Corporate,Standard Class,248.58,84.3,7,0.1
ORD-00420,2024-07-03,Technology,Copiers,South,North Carolina,Corporate,First Class,575.99,-34.21,5,0.0
ORD-00421,2024-10-16,Office Supplies,Labels,West,Oregon,Corporate,First Class,21.15,6.87,5,0.0
ORD-00422,2023-09-19,Technology,Phones,West,Oregon,Home Office,Standard Class,1075.21,63.65,2,0.1
ORD-00423,2023-11-11,Office Supplies,Storage,East,Pennsylvania,Consumer,Standard Class,43.22,0.66,5,0.1
ORD-00424,2022-12-09,Furniture,Furnishings,South,Florida,Corporate,Standard Class,53.69,-6.42,9,0.3
ORD-00425,2024-10-17,Furniture,Tables,Central,Texas,Consumer,Standard Class,461.63,-48.14,2,0.1
ORD-00426,2022-06-02,Furniture,Bookcases,West,California,Corporate,Second Class,320.37,44.39,9,0.2
ORD-00427,2024-04-20,Technology,Phones,South,Georgia,Consumer,Standard Class,113.84,-3.02,2,0.0
ORD-00428,2022-02-17,Office Supplies,Paper,West,California,Corporate,Standard Class,61.96,14.64,9,0.2
ORD-00429,2023-05-31,Office Supplies,Binders,Central,Ohio,Consumer,First Class,121.71,-17.03,3,0.3
ORD-00430,2023-09-15,Office Supplies,Art,Central,Illinois,Home Office,Standard Class,111.21,38.75,9,0.3
ORD-00431,2022-09-24,Furniture,Chairs,West,California,Consumer,Second Class,197.17,36.96,8,0.1
ORD-00432,2022-06-28,Office Supplies,Art,Central,Ohio,Home Office,Standard Class,37.13,-2.75,4,0.0
ORD-00433,2024-01-02,Office Supplies,Labels,West,Oregon,Home Office,Standard Class,50.86,8.78,5,0.1
ORD-00434,2022-05-24,Furniture,Tables,Central,Illinois,Home Office,First Class,70.46,17.44,7,0.2
ORD-00435,2023-04-12,Furniture,Tables,South,North Carolina,Home Office,First Class,327.98,-35.68,4,0.2
ORD-00436,2023-06-30,Office Supplies,Labels,Central,Ohio,Consumer,Standard Class,54.4,-5.51,6,0.3
ORD-00437,2024-06-12,Furniture,Tables,South,North Carolina,Corporate,Second Class,577.33,188.32,5,0.0
ORD-00438,2024-12-18,Technology,Copiers,Central,Illinois,Corporate,Standard Class,223.19,33.24,8,0.3
ORD-00439,2022-10-10,Technology,Accessories,East,New Jersey,Home Office,Second Class,554.42,77.02,1,0.1
ORD-00440,2023-09-03,Technology,Machines,South,North Carolina,Home Office,Second Class,737.03,146.31,1,0.1
ORD-00441,2024-11-16,Office Supplies,Paper,Central,Ohio,Corporate,Second Class,103.64,33.27,9,0.0
ORD-00442,2024-10-21,Office Supplies,Art,East,New York,Corporate,Standard Class,130.0,14.79,2,0.0
ORD-00443,2024-07-09,Technology,Machines,South,Florida,Consumer,Second Class,324.72,18.7,5,0.1
ORD-00444,2023-09-17,Furniture,Furnishings,West,Washington,Consumer,Second Class,268.3,-34.07,4,0.0
ORD-00445,2022-11-21,Technology,Phones,Central,Texas,Corporate,First Class,800.44,-77.88,4,0.2
ORD-00446,2022-09-08,Technology,Machines,East,Pennsylvania,Consumer,Standard Class,46.25,14.54,1,0.2
ORD-00447,2022-02-28,Office Supplies,Paper,Central,Ohio,Home Office,Second Class,130.22,45.21,2,0.0
ORD-00448,2023-11-25,Office Supplies,Binders,East,Pennsylvania,Home Office,Second Class,88.25,16.57,1,0.1
ORD-00449,2022-03-12,Office Supplies,Paper,West,Washington,Corporate,Standard Class,63.54,7.57,1,0.0
ORD-00450,2023-11-22,Technology,Accessories,East,New Jersey,Consumer,Same Day,371.79,-43.01,8,0.3
ORD-00451,2022-03-24,Furniture,Furnishings,Central,Ohio,Corporate,Standard Class,163.81,11.36,4,0.0
ORD-00452,2022-04-22,Office Supplies,Paper,East,New Jersey,Consumer,First Class,45.82,0.34,7,0.3
ORD-00453,2023-07-23,Technology,Machines,South,North Carolina,Consumer,Standard Class,534.26,175.09,5,0.0
ORD-00454,2023-08-09,Office Supplies,Paper,South,Florida,Consumer,Standard Class,33.98,8.55,7,0.0
ORD-00455,2023-08-13,Office Supplies,Labels,South,Georgia,Corporate,Second Class,186.79,13.75,6,0.0
ORD-00456,2022-07-30,Office Supplies,Labels,West,Washington,Home Office,Same Day,15.29,-1.99,7,0.1
ORD-00457,2023-12-05,Office Supplies,Art,East,New Jersey,Home Office,Standard Class,64.82,6.75,6,0.2
ORD-00458,2023-02-17,Office Supplies,Storage,Central,Ohio,Corporate,Second Class,28.74,8.87,3,0.3
ORD-00459,2022-09-27,Technology,Machines,East,New York,Corporate,Standard Class,554.54,107.81,5,0.2
ORD-00460,2022-02-25,Office Supplies,Storage,Central,Ohio,Corporate,Standard Class,58.88,13.52,1,0.1
ORD-00461,2022-01-13,Office Supplies,Art,West,Oregon,Consumer,Standard Class,118.87,0.96,9,0.1
ORD-00462,2023-09-01,Furniture,Chairs,East,Pennsylvania,Corporate,First Class,106.22,-15.61,9,0.3
ORD-00463,2023-01-03,Office Supplies,Binders,East,Pennsylvania,Corporate,Second Class,144.92,-1.28,1,0.1
ORD-00464,2022-03-14,Office Supplies,Labels,West,California,Home Office,First Class,78.4,-11.61,4,0.0
ORD-00465,2024-09-14,Furniture,Bookcases,Central,Ohio,Corporate,First Class,494.08,10.41,1,0.1
ORD-00466,2022-09-30,Furniture,Chairs,West,Oregon,Home Office,Second Class,141.09,0.86,3,0.1
ORD-00467,2024-12-05,Technology,Copiers,South,Florida,Corporate,Standard Class,652.27,-81.12,6,0.0
ORD-00468,2024-03-21,Office Supplies,Art,South,North Carolina,Consumer,Standard Class,78.14,7.22,9,0.1
ORD-00469,2023-04-04,Furniture,Furnishings,East,Pennsylvania,Corporate,Standard Class,666.03,78.47,8,0.3
ORD-00470,2024-01-16,Furniture,Furnishings,South,Georgia,Home Office,First Class,406.83,73.9,2,0.0
ORD-00471,2024-02-23,Office Supplies,Paper,South,Georgia,Home Office,Second Class,67.25,-4.09,2,0.1
ORD-00472,2023-07-19,Office Supplies,Storage,West,Oregon,Corporate,Second Class,43.51,11.91,3,0.2
ORD-00473,2022-04-03,Technology,Phones,Central,Ohio,Consumer,Standard Class,421.94,85.3,8,0.2
ORD-00474,2022-12-30,Technology,Accessories,West,Washington,Consumer,Second Class,54.69,14.26,1,0.1
ORD-00475,2023-05-31,Technology,Phones,South,North Carolina,Corporate,Standard Class,557.44,78.79,3,0.2
ORD-00476,2022-11-03,Technology,Accessories,South,Florida,Corporate,Standard Class,176.85,-4.53,2,0.0
ORD-00477,2024-05-23,Office Supplies,Paper,East,New York,Corporate,First Class,167.62,21.64,2,0.0
ORD-00478,2023-02-14,Technology,Machines,East,New York,Corporate,Standard Class,192.0,16.78,7,0.0
ORD-00479,2022-09-23,Office Supplies,Paper,West,Oregon,Home Office,Second Class,16.74,1.32,1,0.0
ORD-00480,2022-10-10,Technology,Copiers,South,Georgia,Home Office,Second Class,871.29,33.98,9,0.2
ORD-00481,2022-10-16,Office Supplies,Labels,Central,Ohio,Consumer,Standard Class,33.59,2.5,2,0.0
ORD-00482,2024-06-24,Office Supplies,Labels,West,California,Consumer,Second Class,82.1,23.34,4,0.3
ORD-00483,2022-07-29,Technology,Copiers,West,Oregon,Corporate,Standard Class,130.16,1.17,8,0.0
ORD-00484,2024-11-02,Office Supplies,Binders,South,Florida,Home Office,Second Class,5.0,0.54,2,0.0
ORD-00485,2023-10-01,Office Supplies,Labels,West,Washington,Home Office,First Class,70.03,9.86,9,0.0
ORD-00486,2023-01-01,Office Supplies,Paper,South,Florida,Home Office,Standard Class,57.93,17.64,8,0.0
ORD-00487,2024-06-18,Furniture,Chairs,West,California,Home Office,First Class,438.29,36.94,1,0.0
ORD-00488,2022-07-08,Furniture,Bookcases,South,Georgia,Consumer,Standard Class,391.26,16.07,1,0.0
ORD-00489,2022-07-16,Technology,Accessories,South,North Carolina,Consumer,Standard Class,516.88,37.54,6,0.0
ORD-00490,2023-01-12,Technology,Copiers,East,New Jersey,Home Office,Second Class,193.97,-9.36,6,0.0
ORD-00491,2022-04-11,Technology,Phones,Central,Illinois,Corporate,Standard Class,142.92,-8.53,3,0.2
ORD-00492,2023-03-05,Office Supplies,Binders,West,California,Home Office,Second Class,24.79,-0.13,1,0.0
ORD-00493,2023-07-15,Furniture,Bookcases,Central,Ohio,Home Office,Standard Class,119.31,-13.27,9,0.2
ORD-00494,2024-09-17,Technology,Copiers,Central,Illinois,Corporate,Standard Class,1094.62,304.76,1,0.1
ORD-00495,2024-09-30,Technology,Machines,Central,Illinois,Consumer,Same Day,390.54,75.98,2,0.2
ORD-00496,2023-12-09,Office Supplies,Art,Central,Texas,Consumer,Standard Class,40.94,-5.02,5,0.1
ORD-00497,2022-02-14,Office Supplies,Labels,Central,Illinois,Home Office,Standard Class,63.39,-0.07,4,0.0
ORD-00498,2023-06-30,Furniture,Furnishings,East,New Jersey,Consumer,Standard Class,34.05,-0.77,3,0.1
ORD-00499,2024-11-19,Technology,Machines,West,California,Corporate,Standard Class,247.33,58.68,9,0.0
ORD-00500,2024-10-12,Office Supplies,Storage,Central,Ohio,Consumer,First Class,44.06,1.97,6,0.1
ORD-00501,2022-03-21,Office Supplies,Labels,South,North Carolina,Consumer,Same Day,95.75,7.32,6,0.1
ORD-00502,2024-12-16,Furniture,Tables,Central,Illinois,Consumer,Standard Class,61.2,-6.65,3,0.1
ORD-00503,2023-01-08,Office Supplies,Art,South,Florida,Corporate,Standard Class,90.5,29.34,7,0.2
ORD-00504,2022-10-10,Technology,Copiers,East,New York,Consumer,Same Day,419.19,82.35,1,0.1
ORD-00505,2023-02-28,Office Supplies,Storage,Central,Texas,Corporate,Standard Class,49.78,6.07,5,0.0
ORD-00506,2022-12-10,Office Supplies,Paper,East,Pennsylvania,Home Office,Standard Class,110.94,33.05,9,0.0
ORD-00507,2023-12-26,Office Supplies,Storage,West,Oregon,Corporate,First Class,50.98,8.88,6,0.0
ORD-00508,2023-11-10,Furniture,Furnishings,West,Oregon,Home Office,Standard Class,63.5,4.77,2,0.0
ORD-00509,2023-12-14,Furniture,Bookcases,Central,Texas,Home Office,Standard Class,499.11,5.24,6,0.1
ORD-00510,2022-03-29,Technology,Accessories,Central,Ohio,Corporate,Standard Class,296.48,-37.37,5,0.2
ORD-00511,2023-08-09,Technology,Machines,West,Washington,Home Office,Standard Class,1453.57,-216.07,3,0.1
ORD-00512,2022-11-10,Office Supplies,Paper,West,California,Corporate,Standard Class,64.94,12.57,6,0.0
ORD-00513,2022-03-15,Office Supplies,Storage,West,Washington,Consumer,Standard Class,11.23,-1.18,8,0.2
ORD-00514,2023-12-18,Technology,Copiers,West,California,Home Office,Standard Class,349.67,118.27,3,0.0
ORD-00515,2023-04-06,Office Supplies,Storage,Central,Texas,Consumer,Second Class,54.04,0.35,3,0.1
ORD-00516,2023-04-19,Furniture,Furnishings,West,Oregon,Consumer,Second Class,316.19,88.88,8,0.0
ORD-00517,2023-05-08,Technology,Phones,East,New York,Home Office,Standard Class,639.73,85.81,3,0.2
ORD-00518,2022-06-11,Office Supplies,Labels,South,Georgia,Corporate,Standard Class,58.13,4.34,2,0.0
ORD-00519,2023-04-09,Office Supplies,Binders,West,Washington,Corporate,First Class,18.36,3.74,6,0.2
ORD-00520,2022-02-18,Technology,Phones,Central,Texas,Corporate,Second Class,344.5,39.39,7,0.1
ORD-00521,2024-04-11,Furniture,Tables,Central,Ohio,Corporate,Standard Class,107.97,-7.38,6,0.2
ORD-00522,2022-06-30,Technology,Accessories,East,New York,Corporate,First Class,415.7,71.31,7,0.2
ORD-00523,2022-08-12,Furniture,Chairs,Central,Illinois,Home Office,Same Day,172.29,29.21,3,0.0
ORD-00524,2022-04-07,Office Supplies,Labels,South,North Carolina,Home Office,Standard Class,64.28,-2.47,7,0.0
ORD-00525,2022-12-04,Furniture,Furnishings,Central,Ohio,Home Office,Standard Class,300.65,70.33,6,0.0
ORD-00526,2024-08-17,Furniture,Tables,South,Florida,Consumer,First Class,598.66,48.98,6,0.2
ORD-00527,2022-02-18,Office Supplies,Art,West,California,Consumer,Second Class,79.1,20.44,5,0.1
ORD-00528,2022-09-28,Office Supplies,Paper,South,Florida,Home Office,First Class,40.93,6.09,4,0.0
ORD-00529,2023-03-14,Office Supplies,Storage,East,Pennsylvania,Consumer,Standard Class,50.29,16.04,8,0.0
ORD-00530,2024-10-10,Furniture,Chairs,South,North Carolina,Consumer,Standard Class,882.57,-110.87,2,0.2
ORD-00531,2023-05-17,Office Supplies,Paper,West,California,Consumer,Standard Class,33.18,4.77,8,0.0
ORD-00532,2023-01-08,Furniture,Tables,Central,Illinois,Consumer,Standard Class,193.08,28.61,8,0.0
ORD-00533,2023-07-08,Technology,Machines,South,North Carolina,Home Office,Same Day,230.49,43.36,5,0.0
ORD-00534,2022-03-08,Office Supplies,Art,East,Pennsylvania,Home Office,First Class,17.25,4.11,2,0.0
ORD-00535,2024-02-02,Office Supplies,Art,Central,Texas,Home Office,First Class,16.54,-0.53,1,0.0
ORD-00536,2022-08-31,Technology,Copiers,South,North Carolina,Home Office,Standard Class,464.3,89.01,1,0.0
ORD-00537,2023-01-29,Technology,Phones,Central,Texas,Consumer,Second Class,330.77,-17.09,2,0.2
ORD-00538,2023-11-07,Furniture,Furnishings,West,California,Corporate,Standard Class,675.96,57.14,3,0.1
ORD-00539,2023-08-18,Furniture,Chairs,South,Georgia,Consumer,Standard Class,207.16,-10.65,5,0.1
ORD-00540,2024-11-10,Furniture,Tables,West,Washington,Corporate,Standard Class,376.51,-53.15,6,0.0
ORD-00541,2023-04-24,Technology,Machines,Central,Texas,Corporate,Standard Class,789.31,152.61,3,0.3
ORD-00542,2022-09-27,Technology,Phones,West,California,Consumer,First Class,842.66,194.71,1,0.0
ORD-00543,2022-01-09,Technology,Phones,South,Georgia,Corporate,Standard Class,259.33,49.35,4,0.2
ORD-00544,2023-09-18,Furniture,Bookcases,South,North Carolina,Corporate,Standard Class,118.47,-16.77,2,0.0
ORD-00545,2023-04-06,Technology,Phones,East,Pennsylvania,Corporate,Same Day,681.12,69.09,5,0.3
ORD-00546,2023-08-02,Office Supplies,Paper,South,Florida,Consumer,Standard Class,15.9,4.1,9,0.0
ORD-00547,2024-01-13,Office Supplies,Storage,West,California,Corporate,Standard Class,38.0,5.33,2,0.0
ORD-00548,2024-02-07,Office Supplies,Paper,South,Georgia,Home Office,Standard Class,43.62,9.88,7,0.0
ORD-00549,2022-11-09,Office Supplies,Labels,Central,Illinois,Corporate,Standard Class,40.0,11.73,1,0.1
ORD-00550,2023-07-10,Technology,Accessories,East,Pennsylvania,Corporate,Standard Class,889.03,-39.34,8,0.0
ORD-00551,2024-02-12,Technology,Copiers,South,Florida,Corporate,Second Class,479.02,53.93,2,0.1
ORD-00552,2023-01-02,Technology,Phones,Central,Texas,Consumer,Standard Class,417.25,-25.48,8,0.0
ORD-00553,2023-06-18,Furniture,Chairs,West,California,Consumer,Standard Class,167.57,51.25,7,0.0
ORD-00554,2023-07-12,Office Supplies,Paper,East,Pennsylvania,Corporate,Standard Class,52.37,7.7,9,0.0
ORD-00555,2022-05-30,Furniture,Tables,West,Washington,Corporate,First Class,109.85,32.88,7,0.1
ORD-00556,2022-09-08,Office Supplies,Paper,East,New Jersey,Home Office,First Class,5.0,1.38,2,0.1
ORD-00557,2023-09-24,Furniture,Bookcases,Central,Illinois,Consumer,Same Day,213.4,13.85,9,0.2
ORD-00558,2022-01-29,Office Supplies,Art,East,New York,Home Office,Standard Class,97.35,1.5,8,0.0
ORD-00559,2024-07-19,Technology,Accessories,West,California,Home Office,Standard Class,268.74,8.88,1,0.3
ORD-00560,2023-05-21,Furniture,Tables,Central,Ohio,Corporate,Standard Class,319.65,-40.78,3,0.1
ORD-00561,2022-10-10,Office Supplies,Labels,East,New York,Corporate,First Class,45.38,13.56,8,0.1
ORD-00562,2023-12-27,Technology,Copiers,West,Washington,Home Office,Standard Class,573.14,183.65,5,0.0
ORD-00563,2022-04-25,Office Supplies,Binders,Central,Illinois,Consumer,Second Class,83.54,-11.98,5,0.2
ORD-00564,2024-07-16,Technology,Copiers,West,California,Home Office,First Class,408.42,106.03,1,0.0
ORD-00565,2023-01-06,Furniture,Furnishings,East,New York,Home Office,Second Class,678.72,-91.17,6,0.0
ORD-00566,2022-07-19,Technology,Phones,South,Georgia,Consumer,First Class,611.74,157.53,4,0.1
ORD-00567,2023-12-29,Technology,Accessories,South,Georgia,Home Office,Standard Class,346.59,54.79,2,0.0
ORD-00568,2022-05-26,Office Supplies,Binders,West,Washington,Corporate,Second Class,24.86,-2.15,3,0.1
ORD-00569,2023-02-05,Technology,Accessories,Central,Texas,Home Office,Standard Class,29.46,4.19,5,0.1
ORD-00570,2024-07-17,Technology,Accessories,West,California,Home Office,Second Class,268.78,83.02,6,0.2
ORD-00571,2022-12-10,Office Supplies,Binders,South,Georgia,Home Office,Standard Class,45.69,0.16,7,0.1
ORD-00572,2022-01-21,Office Supplies,Art,Central,Texas,Corporate,Standard Class,60.95,-1.27,9,0.0
ORD-00573,2024-04-08,Technology,Accessories,East,New York,Home Office,Standard Class,356.29,114.96,2,0.2
ORD-00574,2024-03-24,Technology,Accessories,West,Washington,Corporate,Standard Class,75.47,-4.19,1,0.1
ORD-00575,2023-05-17,Furniture,Furnishings,South,Florida,Home Office,Same Day,134.67,41.39,9,0.0
ORD-00576,2024-07-14,Office Supplies,Paper,West,Oregon,Home Office,Standard Class,109.52,38.3,1,0.0
ORD-00577,2024-07-27,Office Supplies,Art,Central,Ohio,Corporate,First Class,122.69,-17.3,4,0.0
ORD-00578,2024-07-12,Office Supplies,Paper,Central,Ohio,Corporate,Standard Class,28.72,8.27,5,0.0
ORD-00579,2023-01-30,Office Supplies,Paper,Central,Texas,Consumer,Second Class,111.14,-6.26,7,0.0
ORD-00580,2023-01-07,Technology,Machines,South,Georgia,Corporate,Standard Class,1550.82,56.07,4,0.0
ORD-00581,2024-08-25,Furniture,Bookcases,East,New York,Consumer,Standard Class,186.85,21.21,3,0.1
ORD-00582,2022-08-10,Technology,Phones,East,New Jersey,Home Office,Standard Class,420.57,105.71,6,0.0
ORD-00583,2024-12-06,Office Supplies,Labels,South,Georgia,Corporate,Standard Class,52.1,16.33,2,0.2
ORD-00584,2022-11-05,Furniture,Tables,West,California,Corporate,Standard Class,570.85,134.96,1,0.0
ORD-00585,2024-01-08,Office Supplies,Paper,East,New York,Corporate,Same Day,16.94,-2.14,5,0.0
ORD-00586,2024-10-27,Furniture,Furnishings,South,Florida,Home Office,Second Class,49.09,4.94,4,0.0
ORD-00587,2024-07-07,Office Supplies,Storage,Central,Ohio,Corporate,Standard Class,146.08,-9.73,9,0.1
ORD-00588,2022-11-20,Office Supplies,Storage,South,Georgia,Corporate,Standard Class,62.78,11.41,1,0.1
ORD-00589,2024-02-09,Office Supplies,Labels,East,Pennsylvania,Corporate,Standard Class,83.48,15.21,1,0.1
ORD-00590,2023-09-15,Office Supplies,Labels,West,California,Home Office,Standard Class,39.68,10.0,1,0.1
ORD-00591,2024-02-15,Office Supplies,Labels,East,Pennsylvania,Corporate,First Class,48.03,15.65,5,0.0
ORD-00592,2024-07-30,Technology,Copiers,West,Oregon,Home Office,Standard Class,540.94,130.62,8,0.0
ORD-00593,2023-02-25,Technology,Accessories,South,Georgia,Corporate,Standard Class,89.34,2.76,4,0.2
ORD-00594,2023-02-09,Office Supplies,Art,East,New York,Consumer,Standard Class,13.43,2.59,3,0.0
ORD-00595,2024-08-26,Furniture,Bookcases,West,Washington,Home Office,Standard Class,266.49,-34.97,6,0.0
ORD-00596,2022-02-25,Furniture,Furnishings,South,Florida,Consumer,Second Class,439.37,80.14,3,0.3
ORD-00597,2022-01-22,Office Supplies,Art,South,North Carolina,Home Office,Standard Class,147.55,-9.2,7,0.3
ORD-00598,2022-08-21,Technology,Copiers,West,California,Consumer,Standard Class,200.4,-9.11,9,0.0
ORD-00599,2022-08-11,Office Supplies,Paper,South,North Carolina,Consumer,Second Class,27.09,-1.45,9,0.1
ORD-00600,2022-12-29,Office Supplies,Labels,South,Georgia,Home Office,First Class,50.22,9.8,3,0.0
ORD-00601,2024-10-06,Technology,Copiers,Central,Illinois,Home Office,First Class,1232.51,-98.29,8,0.1
ORD-00602,2022-01-20,Office Supplies,Storage,West,California,Corporate,Standard Class,21.98,2.45,8,0.1
ORD-00603,2023-05-18,Office Supplies,Art,West,Oregon,Home Office,Standard Class,15.17,4.67,2,0.0
ORD-00604,2022-08-14,Technology,Machines,South,North Carolina,Consumer,Standard Class,261.41,-18.7,2,0.1
ORD-00605,2024-04-23,Office Supplies,Storage,West,California,Corporate,Second Class,57.74,18.89,6,0.0
ORD-00606,2022-02-08,Office Supplies,Art,Central,Illinois,Home Office,Standard Class,27.87,4.49,1,0.3
ORD-00607,2022-04-23,Office Supplies,Paper,Central,Illinois,Corporate,Same Day,49.96,10.52,6,0.0
ORD-00608,2024-05-01,Office Supplies,Binders,Central,Illinois,Home Office,Second Class,32.4,0.92,1,0.2
ORD-00609,2023-05-04,Technology,Accessories,West,Oregon,Home Office,Second Class,503.69,57.46,5,0.0
ORD-00610,2024-02-23,Office Supplies,Storage,Central,Illinois,Consumer,Standard Class,58.22,2.43,7,0.3
ORD-00611,2022-02-18,Furniture,Bookcases,West,Oregon,Home Office,Standard Class,237.25,-11.72,1,0.2
ORD-00612,2023-03-17,Furniture,Furnishings,Central,Ohio,Consumer,First Class,276.22,86.06,8,0.0
ORD-00613,2024-06-27,Technology,Machines,East,Pennsylvania,Consumer,Standard Class,188.76,30.89,2,0.2
ORD-00614,2024-08-24,Furniture,Chairs,East,New Jersey,Corporate,Standard Class,471.97,60.09,8,0.2
ORD-00615,2024-05-24,Furniture,Bookcases,Central,Illinois,Consumer,Standard Class,1167.14,389.43,7,0.2
ORD-00616,2024-10-30,Office Supplies,Storage,West,Washington,Consumer,Standard Class,23.72,2.63,4,0.0
ORD-00617,2023-02-05,Technology,Accessories,Central,Ohio,Consumer,Standard Class,154.35,4.34,4,0.0
ORD-00618,2023-04-13,Office Supplies,Binders,West,Oregon,Consumer,Standard Class,31.48,5.3,8,0.0
ORD-00619,2024-12-25,Office Supplies,Binders,Central,Texas,Consumer,Standard Class,37.03,3.16,1,0.1
ORD-00620,2024-01-21,Technology,Copiers,West,Oregon,Consumer,Standard Class,440.6,19.9,1,0.1
ORD-00621,2024-01-08,Technology,Copiers,Central,Texas,Corporate,Second Class,627.21,145.54,5,0.2
ORD-00622,2024-05-07,Office Supplies,Binders,South,Florida,Corporate,Second Class,52.41,5.88,6,0.0
ORD-00623,2023-12-17,Technology,Accessories,South,Georgia,Consumer,Standard Class,318.29,82.4,1,0.1
ORD-00624,2023-12-01,Office Supplies,Binders,South,North Carolina,Home Office,Standard Class,30.95,4.67,6,0.0
ORD-00625,2024-12-16,Office Supplies,Labels,South,Georgia,Corporate,Standard Class,36.02,2.12,7,0.0
ORD-00626,2023-04-12,Technology,Phones,West,California,Home Office,First Class,665.37,197.45,8,0.2
ORD-00627,2024-05-14,Office Supplies,Binders,West,Washington,Consumer,Standard Class,92.11,12.5,8,0.2
ORD-00628,2024-08-04,Office Supplies,Binders,East,New Jersey,Home Office,Standard Class,64.49,7.4,6,0.1
ORD-00629,2024-06-28,Office Supplies,Storage,South,Georgia,Consumer,First Class,9.71,2.04,1,0.1
ORD-00630,2024-03-12,Office Supplies,Art,Central,Texas,Consumer,Standard Class,29.13,-0.48,3,0.2
ORD-00631,2022-10-26,Furniture,Tables,West,Washington,Home Office,Second Class,117.59,34.5,7,0.1
ORD-00632,2023-07-28,Furniture,Furnishings,West,Washington,Corporate,Standard Class,515.77,143.84,4,0.1
ORD-00633,2024-02-04,Office Supplies,Art,East,New York,Consumer,Second Class,104.84,19.88,3,0.3
ORD-00634,2024-12-30,Furniture,Furnishings,East,New Jersey,Home Office,First Class,341.81,-21.26,6,0.3
ORD-00635,2023-12-01,Office Supplies,Labels,East,New York,Consumer,First Class,32.66,11.02,4,0.3
ORD-00636,2023-12-17,Office Supplies,Labels,South,Georgia,Corporate,Standard Class,24.94,5.45,2,0.0
ORD-00637,2024-06-18,Office Supplies,Labels,East,New Jersey,Corporate,Standard Class,27.99,7.86,1,0.3
ORD-00638,2023-08-15,Office Supplies,Art,East,New York,Consumer,Standard Class,10.98,3.83,1,0.0
ORD-00639,2022-11-13,Office Supplies,Art,West,Oregon,Consumer,Standard Class,123.56,2.08,2,0.1
ORD-00640,2022-12-22,Furniture,Bookcases,South,Florida,Corporate,First Class,228.31,46.78,7,0.2
ORD-00641,2022-12-16,Technology,Accessories,West,Washington,Corporate,First Class,229.15,72.36,5,0.1
ORD-00642,2023-09-21,Furniture,Bookcases,West,Oregon,Corporate,Second Class,172.86,25.18,2,0.1
ORD-00643,2024-01-29,Office Supplies,Storage,Central,Illinois,Home Office,Second Class,190.59,60.18,1,0.0
ORD-00644,2023-10-28,Furniture,Bookcases,East,New Jersey,Home Office,Second Class,104.22,26.81,9,0.2
ORD-00645,2023-10-30,Office Supplies,Paper,South,Florida,Corporate,Standard Class,33.23,0.48,9,0.0
ORD-00646,2022-04-15,Office Supplies,Paper,South,Florida,Consumer,First Class,10.03,1.18,6,0.0
ORD-00647,2022-01-20,Office Supplies,Storage,East,New York,Corporate,Standard Class,43.67,-6.47,2,0.2
ORD-00648,2022-01-03,Office Supplies,Art,South,North Carolina,Corporate,First Class,5.0,-0.17,1,0.0
ORD-00649,2022-10-18,Office Supplies,Labels,South,Florida,Home Office,First Class,15.79,1.83,6,0.1
ORD-00650,2022-07-24,Technology,Machines,East,New Jersey,Corporate,Standard Class,1014.29,-9.23,6,0.0
ORD-00651,2024-05-30,Office Supplies,Storage,South,North Carolina,Consumer,Standard Class,5.85,0.03,9,0.1
ORD-00652,2024-07-01,Furniture,Bookcases,South,Florida,Consumer,Standard Class,235.03,48.29,2,0.0
ORD-00653,2024-12-18,Office Supplies,Storage,East,Pennsylvania,Home Office,Standard Class,111.32,5.55,2,0.1
ORD-00654,2024-01-16,Office Supplies,Binders,East,Pennsylvania,Home Office,Standard Class,101.82,5.77,6,0.0
ORD-00655,2024-12-25,Office Supplies,Art,West,California,Home Office,Standard Class,157.49,13.59,5,0.0
ORD-00656,2023-09-20,Technology,Accessories,South,Florida,Corporate,First Class,395.98,77.98,6,0.0
ORD-00657,2022-02-18,Office Supplies,Paper,Central,Illinois,Consumer,Standard Class,31.66,1.09,3,0.0
ORD-00658,2022-11-25,Office Supplies,Labels,Central,Illinois,Home Office,First Class,80.47,-4.36,7,0.0
ORD-00659,2024-12-11,Furniture,Furnishings,Central,Ohio,Consumer,Standard Class,496.12,99.34,7,0.2
ORD-00660,2022-05-28,Technology,Copiers,East,New Jersey,Corporate,Standard Class,178.37,50.25,2,0.1
ORD-00661,2024-10-31,Office Supplies,Art,East,New York,Corporate,Standard Class,21.0,4.51,1,0.0
ORD-00662,2022-05-27,Office Supplies,Labels,East,New York,Corporate,Standard Class,67.46,-6.08,1,0.1
ORD-00663,2024-05-07,Technology,Accessories,East,New Jersey,Corporate,Standard Class,247.17,4.67,8,0.1
ORD-00664,2023-08-03,Technology,Machines,East,New Jersey,Home Office,Standard Class,594.97,170.88,1,0.3
ORD-00665,2023-10-26,Technology,Machines,East,Pennsylvania,Home Office,Standard Class,228.99,-1.95,9,0.1
ORD-00666,2024-09-15,Technology,Copiers,East,New York,Corporate,Standard Class,92.56,-2.56,7,0.0
ORD-00667,2022-04-11,Furniture,Bookcases,Central,Texas,Home Office,Second Class,476.0,-55.73,7,0.2
ORD-00668,2023-11-04,Office Supplies,Storage,West,Washington,Corporate,Standard Class,43.76,-0.38,8,0.3
ORD-00669,2022-11-09,Technology,Accessories,West,Oregon,Home Office,Standard Class,288.05,62.83,3,0.3
ORD-00670,2024-02-13,Technology,Copiers,West,California,Corporate,First Class,183.97,-5.59,5,0.1
ORD-00671,2024-02-22,Office Supplies,Storage,Central,Illinois,Corporate,First Class,50.43,11.02,6,0.0
ORD-00672,2024-05-09,Office Supplies,Storage,East,New Jersey,Corporate,Same Day,71.31,18.1,3,0.0
ORD-00673,2024-07-13,Office Supplies,Paper,South,Georgia,Corporate,Standard Class,40.28,9.67,4,0.1
ORD-00674,2023-03-09,Office Supplies,Paper,East,New York,Home Office,Standard Class,64.04,14.65,7,0.2
ORD-00675,2023-07-22,Furniture,Bookcases,Central,Illinois,Consumer,Standard Class,249.38,-27.09,1,0.2
ORD-00676,2024-01-13,Office Supplies,Storage,Central,Illinois,Home Office,Standard Class,15.21,-1.16,4,0.1
ORD-00677,2024-12-06,Technology,Copiers,Central,Ohio,Consumer,First Class,328.22,-27.64,6,0.0
ORD-00678,2022-07-27,Furniture,Tables,South,Georgia,Home Office,Same Day,451.12,89.3,9,0.0
ORD-00679,2024-09-24,Technology,Copiers,Central,Illinois,Consumer,Standard Class,285.47,33.6,1,0.1
ORD-00680,2022-07-06,Technology,Accessories,West,Oregon,Consumer,Second Class,220.68,15.94,6,0.2
ORD-00681,2024-03-15,Furniture,Furnishings,Central,Illinois,Corporate,Same Day,308.49,28.51,5,0.0
ORD-00682,2023-05-13,Office Supplies,Paper,South,Georgia,Corporate,Standard Class,24.76,4.45,9,0.3
ORD-00683,2023-07-23,Technology,Phones,Central,Texas,Consumer,Same Day,1235.25,400.48,1,0.0
ORD-00684,2023-11-03,Office Supplies,Binders,East,New York,Consumer,Standard Class,93.25,31.06,9,0.0
ORD-00685,2023-10-05,Office Supplies,Binders,East,Pennsylvania,Corporate,Standard Class,58.07,2.97,5,0.1
ORD-00686,2024-03-02,Technology,Machines,Central,Illinois,Consumer,Standard Class,200.44,23.26,9,0.0
ORD-00687,2023-11-29,Technology,Accessories,West,California,Home Office,First Class,1290.56,178.2,9,0.0
ORD-00688,2024-09-13,Office Supplies,Labels,West,Oregon,Consumer,Second Class,51.15,3.19,3,0.0
ORD-00689,2024-03-24,Office Supplies,Storage,Central,Texas,Home Office,Same Day,17.22,2.1,9,0.1
ORD-00690,2022-03-04,Technology,Accessories,Central,Illinois,Consumer,Standard Class,267.95,24.13,6,0.2
ORD-00691,2024-10-22,Office Supplies,Labels,South,North Carolina,Consumer,Standard Class,158.71,9.72,9,0.0
ORD-00692,2022-01-07,Office Supplies,Art,East,New Jersey,Corporate,Standard Class,44.71,5.84,2,0.3
ORD-00693,2024-02-05,Furniture,Furnishings,Central,Texas,Home Office,First Class,139.67,-19.23,5,0.1
ORD-00694,2024-04-20,Furniture,Tables,West,Oregon,Home Office,Second Class,335.32,10.67,4,0.1
ORD-00695,2024-07-23,Technology,Machines,East,New York,Home Office,Standard Class,265.75,-6.09,5,0.1
ORD-00696,2022-10-27,Office Supplies,Art,Central,Texas,Home Office,Standard Class,61.3,10.82,4,0.0
ORD-00697,2024-09-28,Office Supplies,Art,Central,Illinois,Corporate,Standard Class,22.64,1.81,5,0.0
ORD-00698,2023-04-12,Furniture,Bookcases,Central,Texas,Home Office,Same Day,152.94,-17.19,2,0.1
ORD-00699,2023-10-25,Technology,Machines,East,New York,Corporate,Standard Class,165.04,-8.66,9,0.2
ORD-00700,2023-03-27,Office Supplies,Binders,East,New Jersey,Home Office,Standard Class,13.16,0.44,9,0.1
ORD-00701,2022-02-24,Office Supplies,Labels,West,California,Corporate,Standard Class,33.55,-0.14,5,0.1
ORD-00702,2023-12-18,Furniture,Furnishings,West,California,Home Office,Second Class,244.86,52.09,3,0.0
ORD-00703,2022-03-08,Furniture,Tables,East,New York,Corporate,Standard Class,296.14,82.73,7,0.3
ORD-00704,2024-08-22,Furniture,Chairs,Central,Texas,Home Office,Standard Class,332.15,81.77,1,0.0
ORD-00705,2024-12-21,Office Supplies,Binders,South,Florida,Home Office,Standard Class,5.0,1.12,9,0.1
ORD-00706,2024-04-25,Technology,Accessories,Central,Illinois,Home Office,First Class,610.8,38.94,5,0.2
ORD-00707,2022-06-16,Furniture,Chairs,South,Florida,Consumer,First Class,541.09,143.6,9,0.2
ORD-00708,2023-05-05,Technology,Copiers,West,California,Home Office,Standard Class,360.94,54.82,7,0.3
ORD-00709,2023-05-08,Office Supplies,Binders,Central,Texas,Corporate,Second Class,74.53,-2.5,8,0.1
ORD-00710,2023-01-16,Furniture,Chairs,Central,Ohio,Home Office,First Class,267.79,59.76,4,0.0
ORD-00711,2023-05-11,Office Supplies,Storage,South,Florida,Consumer,Standard Class,36.73,6.91,1,0.2
ORD-00712,2022-07-23,Furniture,Chairs,Central,Texas,Corporate,Standard Class,401.38,-36.61,3,0.2
ORD-00713,2023-11-11,Furniture,Chairs,West,California,Consumer,Second Class,211.4,1.33,2,0.2
ORD-00714,2024-01-17,Furniture,Furnishings,Central,Illinois,Consumer,Same Day,461.64,-60.23,1,0.1
ORD-00715,2022-02-02,Office Supplies,Labels,South,Florida,Corporate,First Class,38.05,11.22,9,0.1
ORD-00716,2024-12-15,Technology,Copiers,East,New York,Corporate,Standard Class,290.06,-35.34,6,0.1
ORD-00717,2022-11-13,Office Supplies,Paper,Central,Texas,Consumer,Second Class,54.65,-4.92,1,0.1
ORD-00718,2022-12-08,Technology,Accessories,East,New Jersey,Home Office,First Class,896.94,-85.13,9,0.0
ORD-00719,2023-06-26,Technology,Machines,East,New York,Corporate,First Class,465.77,79.83,2,0.0
ORD-00720,2022-02-16,Office Supplies,Labels,South,Florida,Consumer,Standard Class,52.94,11.89,5,0.1
ORD-00721,2024-11-04,Technology,Machines,Central,Ohio,Corporate,Second Class,758.78,177.59,1,0.0
ORD-00722,2022-09-16,Office Supplies,Art,East,New Jersey,Consumer,Standard Class,80.3,15.64,4,0.1
ORD-00723,2024-02-21,Technology,Phones,West,Oregon,Corporate,Standard Class,417.56,8.4,6,0.2
ORD-00724,2023-05-18,Technology,Phones,East,Pennsylvania,Consumer,Second Class,291.87,-11.2,2,0.3
ORD-00725,2024-11-11,Furniture,Furnishings,Central,Texas,Home Office,Second Class,63.11,-7.74,7,0.3
ORD-00726,2024-06-16,Office Supplies,Art,South,Georgia,Consumer,Standard Class,59.58,10.88,8,0.0
ORD-00727,2024-03-03,Technology,Machines,South,Georgia,Consumer,Standard Class,202.7,62.98,4,0.0
ORD-00728,2022-06-19,Technology,Machines,South,Georgia,Consumer,Standard Class,178.99,-9.27,8,0.2
ORD-00729,2023-03-10,Technology,Phones,Central,Texas,Corporate,Standard Class,694.51,-68.43,7,0.0
ORD-00730,2024-02-01,Technology,Phones,South,Florida,Corporate,Standard Class,638.58,43.85,2,0.2
ORD-00731,2022-10-29,Technology,Copiers,Central,Ohio,Consumer,Standard Class,184.72,25.99,3,0.0
ORD-00732,2024-01-09,Office Supplies,Storage,Central,Texas,Consumer,Same Day,20.73,1.6,5,0.2
ORD-00733,2024-05-16,Furniture,Tables,South,North Carolina,Consumer,Standard Class,439.87,69.3,2,0.1
ORD-00734,2024-07-23,Office Supplies,Storage,South,Georgia,Consumer,First Class,55.76,3.12,6,0.0
ORD-00735,2022-01-25,Technology,Machines,East,New York,Corporate,Standard Class,689.39,177.04,6,0.0
ORD-00736,2022-11-16,Office Supplies,Storage,East,Pennsylvania,Home Office,First Class,97.41,-11.34,2,0.1
ORD-00737,2023-01-26,Furniture,Tables,South,Georgia,Home Office,First Class,227.96,39.41,7,0.0
ORD-00738,2024-04-24,Office Supplies,Labels,West,Washington,Consumer,Standard Class,87.66,-12.51,8,0.0
ORD-00739,2024-04-15,Technology,Accessories,West,Washington,Consumer,Standard Class,481.64,129.85,7,0.0
ORD-00740,2024-10-24,Office Supplies,Labels,West,Washington,Home Office,Standard Class,13.65,1.45,3,0.0
ORD-00741,2024-05-28,Technology,Machines,Central,Illinois,Home Office,Standard Class,57.17,15.02,7,0.1
ORD-00742,2024-05-19,Office Supplies,Art,Central,Texas,Home Office,First Class,8.83,-0.35,7,0.1
ORD-00743,2023-05-18,Furniture,Bookcases,East,New York,Home Office,Standard Class,276.8,80.36,6,0.1
ORD-00744,2023-02-17,Furniture,Chairs,East,New York,Home Office,First Class,83.01,5.66,6,0.0
ORD-00745,2024-01-27,Office Supplies,Binders,West,Oregon,Consumer,Standard Class,66.82,1.24,6,0.1
ORD-00746,2023-04-09,Office Supplies,Labels,East,Pennsylvania,Consumer,Standard Class,35.91,6.25,9,0.1
ORD-00747,2024-08-27,Technology,Phones,West,Washington,Corporate,First Class,331.0,50.15,8,0.0
ORD-00748,2023-04-23,Office Supplies,Paper,Central,Ohio,Home Office,Standard Class,62.92,9.01,8,0.2
ORD-00749,2023-05-25,Office Supplies,Labels,Central,Texas,Home Office,Standard Class,47.05,7.93,3,0.3
ORD-00750,2022-10-24,Technology,Phones,East,New York,Home Office,Standard Class,257.5,-12.83,3,0.2
ORD-00751,2022-03-02,Office Supplies,Paper,East,New Jersey,Corporate,Standard Class,72.25,-0.94,2,0.0
ORD-00752,2023-05-13,Office Supplies,Storage,South,North Carolina,Corporate,Standard Class,68.87,13.34,1,0.2
ORD-00753,2023-05-29,Office Supplies,Art,South,Florida,Corporate,Standard Class,47.4,7.98,3,0.1
ORD-00754,2023-12-15,Office Supplies,Paper,South,Florida,Home Office,Standard Class,51.12,7.39,9,0.0
ORD-00755,2024-04-17,Technology,Phones,East,New Jersey,Corporate,Second Class,420.67,120.82,5,0.2
ORD-00756,2023-03-25,Office Supplies,Paper,Central,Ohio,Corporate,First Class,30.16,6.11,1,0.0
ORD-00757,2024-01-31,Office Supplies,Binders,South,North Carolina,Corporate,Standard Class,64.36,15.25,3,0.1
ORD-00758,2023-05-31,Office Supplies,Art,Central,Ohio,Corporate,Standard Class,29.1,9.68,9,0.0
ORD-00759,2024-07-17,Office Supplies,Binders,South,Georgia,Home Office,Standard Class,93.49,14.47,9,0.0
ORD-00760,2022-04-07,Technology,Accessories,South,Florida,Corporate,Standard Class,805.79,-28.32,6,0.2
ORD-00761,2022-11-27,Furniture,Chairs,West,Washington,Home Office,First Class,446.28,-41.62,4,0.2
ORD-00762,2024-04-15,Technology,Phones,South,North Carolina,Corporate,Second Class,305.3,19.53,4,0.3
ORD-00763,2023-03-03,Office Supplies,Paper,South,Georgia,Corporate,Standard Class,49.47,0.32,3,0.2
ORD-00764,2024-11-28,Office Supplies,Labels,East,New Jersey,Consumer,Standard Class,36.68,-5.5,9,0.0
ORD-00765,2023-03-22,Office Supplies,Art,West,Washington,Home Office,Standard Class,132.18,43.87,6,0.0
ORD-00766,2022-09-23,Furniture,Tables,East,New Jersey,Home Office,Standard Class,115.06,-15.98,8,0.3
ORD-00767,2022-05-12,Office Supplies,Storage,West,California,Home Office,Standard Class,31.56,1.61,5,0.0
ORD-00768,2022-02-23,Office Supplies,Binders,East,New Jersey,Corporate,Standard Class,72.45,4.93,1,0.1
ORD-00769,2023-10-03,Furniture,Bookcases,South,Florida,Home Office,Standard Class,507.11,-74.35,9,0.0
ORD-00770,2023-09-24,Technology,Copiers,South,Florida,Consumer,Second Class,169.96,18.71,6,0.3
ORD-00771,2023-04-09,Furniture,Tables,East,Pennsylvania,Consumer,First Class,413.32,79.27,3,0.1
ORD-00772,2022-11-15,Office Supplies,Labels,West,Washington,Consumer,First Class,132.96,33.96,7,0.2
ORD-00773,2023-12-24,Technology,Copiers,South,Georgia,Consumer,First Class,132.38,-7.11,7,0.2
ORD-00774,2022-02-28,Office Supplies,Storage,East,Pennsylvania,Consumer,Standard Class,19.68,2.22,8,0.1
ORD-00775,2024-12-28,Office Supplies,Labels,Central,Illinois,Consumer,Standard Class,115.52,3.46,5,0.1
ORD-00776,2024-06-08,Office Supplies,Art,South,Georgia,Consumer,Same Day,91.72,25.67,8,0.1
ORD-00777,2022-06-08,Office Supplies,Labels,South,Georgia,Consumer,Second Class,95.44,14.16,4,0.0
ORD-00778,2024-11-18,Office Supplies,Paper,West,Oregon,Home Office,Standard Class,47.88,10.59,3,0.1
ORD-00779,2024-11-08,Office Supplies,Paper,East,New York,Corporate,Standard Class,93.32,-13.16,5,0.1
ORD-00780,2022-05-20,Technology,Copiers,East,New York,Consumer,Standard Class,62.61,12.47,2,0.3
ORD-00781,2023-10-24,Office Supplies,Labels,South,Florida,Corporate,Standard Class,32.54,2.88,2,0.1
ORD-00782,2022-11-07,Office Supplies,Paper,South,North Carolina,Home Office,Standard Class,19.92,-2.4,4,0.0
ORD-00783,2022-12-05,Office Supplies,Binders,West,California,Consumer,First Class,112.95,-10.67,6,0.3
ORD-00784,2023-08-07,Office Supplies,Paper,East,New Jersey,Corporate,Same Day,100.89,15.53,7,0.0
ORD-00785,2023-02-22,Technology,Machines,West,Oregon,Home Office,Standard Class,766.66,95.22,6,0.2
ORD-00786,2024-11-13,Office Supplies,Storage,East,New York,Corporate,Second Class,70.17,5.38,5,0.0
ORD-00787,2023-12-27,Technology,Phones,West,Oregon,Corporate,Standard Class,363.54,43.29,2,0.1
ORD-00788,2023-06-14,Office Supplies,Storage,Central,Ohio,Corporate,Standard Class,26.78,-3.12,1,0.1
ORD-00789,2022-06-28,Office Supplies,Art,South,Florida,Corporate,First Class,6.99,0.23,6,0.2
ORD-00790,2023-05-15,Technology,Accessories,Central,Texas,Home Office,Standard Class,755.11,-88.17,6,0.1
ORD-00791,2024-01-01,Technology,Machines,Central,Ohio,Home Office,Second Class,494.3,67.18,6,0.0
ORD-00792,2022-07-27,Office Supplies,Storage,East,New York,Consumer,First Class,130.21,18.73,8,0.0
ORD-00793,2023-10-02,Technology,Accessories,East,New Jersey,Corporate,Standard Class,701.05,-86.56,9,0.2
ORD-00794,2022-05-15,Office Supplies,Binders,South,Georgia,Home Office,Second Class,112.91,24.31,9,0.1
ORD-00795,2022-08-03,Office Supplies,Binders,South,Florida,Home Office,Standard Class,105.3,34.4,5,0.1
ORD-00796,2024-09-19,Office Supplies,Storage,West,Oregon,Home Office,Second Class,86.84,-10.75,8,0.0
ORD-00797,2024-09-25,Furniture,Chairs,West,California,Consumer,Standard Class,325.37,75.77,7,0.2
ORD-00798,2024-09-26,Technology,Copiers,South,Florida,Corporate,Same Day,350.93,99.57,1,0.3
ORD-00799,2022-11-03,Office Supplies,Binders,East,New Jersey,Consumer,Standard Class,18.12,3.93,1,0.0
ORD-00800,2023-10-13,Technology,Phones,East,New Jersey,Consumer,First Class,158.51,1.53,9,0.1
ORD-00801,2024-04-23,Office Supplies,Labels,East,New Jersey,Home Office,Second Class,17.19,-2.39,9,0.1
ORD-00802,2024-08-02,Office Supplies,Binders,Central,Ohio,Consumer,Standard Class,40.74,-3.01,4,0.1
ORD-00803,2023-05-01,Technology,Copiers,South,Florida,Consumer,Standard Class,565.47,142.23,7,0.1
ORD-00804,2022-09-28,Technology,Phones,Central,Illinois,Home Office,Standard Class,787.36,-91.69,4,0.1
ORD-00805,2022-06-30,Office Supplies,Art,Central,Texas,Home Office,Standard Class,101.48,9.53,5,0.0
ORD-00806,2024-06-18,Technology,Phones,West,Washington,Home Office,Standard Class,596.79,208.67,6,0.0
ORD-00807,2023-08-17,Office Supplies,Binders,South,Georgia,Corporate,Second Class,67.75,5.77,7,0.1
ORD-00808,2023-09-06,Office Supplies,Storage,Central,Ohio,Consumer,Standard Class,61.99,13.65,5,0.3
ORD-00809,2024-11-19,Office Supplies,Storage,Central,Illinois,Corporate,First Class,43.81,-1.1,9,0.1
ORD-00810,2022-11-10,Office Supplies,Labels,East,New York,Consumer,Same Day,16.64,5.67,5,0.0
ORD-00811,2023-07-18,Furniture,Chairs,Central,Ohio,Home Office,Standard Class,402.42,26.26,6,0.0
ORD-00812,2024-03-13,Technology,Accessories,South,Florida,Consumer,Standard Class,535.7,42.06,8,0.2
ORD-00813,2022-04-08,Office Supplies,Binders,East,New York,Corporate,Standard Class,69.98,12.29,3,0.1
ORD-00814,2022-05-12,Office Supplies,Paper,East,New York,Home Office,Same Day,42.35,-3.05,2,0.0
ORD-00815,2022-09-21,Furniture,Chairs,South,North Carolina,Home Office,Standard Class,414.39,-16.35,4,0.0
ORD-00816,2023-10-30,Furniture,Furnishings,Central,Illinois,Corporate,Second Class,115.73,40.44,1,0.3
ORD-00817,2022-12-19,Office Supplies,Labels,Central,Illinois,Corporate,Same Day,163.11,17.86,1,0.0
ORD-00818,2024-09-03,Office Supplies,Art,South,North Carolina,Consumer,Standard Class,23.76,0.27,9,0.2
ORD-00819,2022-03-27,Office Supplies,Storage,South,North Carolina,Home Office,First Class,56.1,10.21,5,0.0
ORD-00820,2024-04-28,Technology,Phones,South,Florida,Consumer,Second Class,296.25,63.2,3,0.2
ORD-00821,2022-01-13,Furniture,Tables,South,North Carolina,Consumer,Standard Class,382.77,-3.51,2,0.3
ORD-00822,2022-10-29,Office Supplies,Art,Central,Ohio,Home Office,Standard Class,35.56,3.85,9,0.0
ORD-00823,2024-08-17,Technology,Machines,West,California,Home Office,Standard Class,204.74,-7.12,8,0.2
ORD-00824,2024-06-07,Office Supplies,Labels,West,Oregon,Consumer,Standard Class,31.9,-3.67,5,0.1
ORD-00825,2023-07-20,Office Supplies,Labels,Central,Ohio,Corporate,Standard Class,51.62,-4.88,8,0.0
ORD-00826,2023-06-25,Furniture,Furnishings,South,Georgia,Home Office,Standard Class,185.41,18.15,3,0.1
ORD-00827,2022-06-09,Office Supplies,Labels,South,Florida,Consumer,Standard Class,68.68,-5.6,2,0.1
ORD-00828,2023-09-07,Technology,Copiers,South,Georgia,Corporate,Second Class,202.87,54.91,6,0.1
ORD-00829,2023-08-15,Furniture,Furnishings,South,Florida,Home Office,Standard Class,68.26,0.48,3,0.2
ORD-00830,2024-12-13,Technology,Copiers,South,North Carolina,Consumer,Standard Class,688.35,29.4,6,0.1
ORD-00831,2022-11-14,Furniture,Furnishings,Central,Illinois,Consumer,Standard Class,470.57,117.24,5,0.0
ORD-00832,2023-06-21,Office Supplies,Art,West,California,Corporate,Standard Class,107.44,-6.16,2,0.0
ORD-00833,2024-11-02,Furniture,Chairs,East,Pennsylvania,Corporate,Standard Class,111.03,15.23,9,0.0
ORD-00834,2023-07-12,Technology,Copiers,West,Washington,Corporate,First Class,360.23,-17.86,7,0.2
ORD-00835,2023-07-25,Furniture,Bookcases,West,California,Consumer,First Class,392.42,101.52,9,0.0
ORD-00836,2023-01-25,Office Supplies,Art,West,Washington,Corporate,First Class,33.77,-3.38,4,0.0
ORD-00837,2024-06-02,Technology,Copiers,South,North Carolina,Corporate,First Class,266.9,85.86,9,0.0
ORD-00838,2022-03-19,Technology,Copiers,West,Oregon,Corporate,Standard Class,180.15,22.85,2,0.1
ORD-00839,2022-04-05,Furniture,Tables,West,Washington,Consumer,Standard Class,775.56,209.09,9,0.2
ORD-00840,2023-05-06,Office Supplies,Binders,Central,Illinois,Corporate,Second Class,80.16,-5.16,6,0.0
ORD-00841,2023-06-30,Furniture,Chairs,South,Florida,Home Office,Same Day,220.91,-9.38,5,0.0
ORD-00842,2024-05-10,Office Supplies,Binders,South,Georgia,Corporate,Second Class,27.2,6.44,4,0.2
ORD-00843,2023-05-17,Technology,Accessories,West,Oregon,Consumer,Standard Class,418.09,53.68,1,0.0
ORD-00844,2023-08-03,Furniture,Tables,Central,Ohio,Consumer,Standard Class,49.69,-5.47,4,0.0
ORD-00845,2024-05-24,Office Supplies,Labels,Central,Texas,Corporate,Standard Class,86.13,3.17,3,0.1
ORD-00846,2024-05-04,Office Supplies,Labels,Central,Texas,Consumer,Standard Class,83.97,27.37,1,0.0
ORD-00847,2023-01-04,Furniture,Tables,Central,Texas,Home Office,Second Class,1015.6,141.29,5,0.0
ORD-00848,2024-09-19,Technology,Phones,East,New Jersey,Consumer,Standard Class,155.92,36.68,6,0.0
ORD-00849,2024-12-27,Office Supplies,Paper,Central,Ohio,Consumer,Standard Class,57.1,-5.29,7,0.1
ORD-00850,2024-01-19,Office Supplies,Paper,West,Oregon,Corporate,Standard Class,6.3,1.27,1,0.1
ORD-00851,2024-11-15,Technology,Accessories,South,Florida,Corporate,Same Day,617.38,-58.16,6,0.0
ORD-00852,2024-12-05,Office Supplies,Labels,West,Washington,Corporate,Standard Class,67.67,5.56,2,0.1
ORD-00853,2022-07-28,Furniture,Chairs,Central,Illinois,Home Office,Second Class,427.75,46.44,8,0.1
ORD-00854,2024-05-04,Office Supplies,Binders,East,New York,Consumer,First Class,87.25,18.92,9,0.1
ORD-00855,2024-04-01,Technology,Machines,East,Pennsylvania,Consumer,Standard Class,600.85,-54.13,4,0.2
ORD-00856,2022-04-09,Technology,Copiers,West,Washington,Consumer,Standard Class,319.61,79.85,6,0.3
ORD-00857,2024-07-31,Office Supplies,Paper,East,New Jersey,Home Office,First Class,41.2,3.62,3,0.0
ORD-00858,2023-04-23,Technology,Accessories,East,Pennsylvania,Home Office,Same Day,636.71,36.86,8,0.3
ORD-00859,2023-03-06,Furniture,Chairs,South,North Carolina,Corporate,Second Class,364.27,45.94,7,0.2
ORD-00860,2024-05-23,Office Supplies,Art,West,Washington,Consumer,Standard Class,50.54,1.39,9,0.1
ORD-00861,2023-07-08,Office Supplies,Binders,West,Washington,Consumer,Second Class,75.17,0.39,5,0.1
ORD-00862,2022-10-02,Office Supplies,Binders,West,Washington,Consumer,Standard Class,17.9,2.1,8,0.0
ORD-00863,2023-05-06,Office Supplies,Labels,South,Georgia,Consumer,Standard Class,28.41,3.5,3,0.1
ORD-00864,2022-07-28,Office Supplies,Binders,West,Washington,Consumer,First Class,33.98,0.18,1,0.0
ORD-00865,2022-05-14,Office Supplies,Art,West,California,Corporate,Standard Class,173.07,57.11,3,0.2
ORD-00866,2023-12-19,Technology,Machines,South,Georgia,Consumer,Standard Class,1296.69,394.79,9,0.1
ORD-00867,2023-06-20,Office Supplies,Storage,South,Georgia,Consumer,Standard Class,50.46,12.36,3,0.0
ORD-00868,2024-02-19,Technology,Machines,Central,Ohio,Home Office,Standard Class,9.19,-0.93,4,0.0
ORD-00869,2024-02-27,Technology,Machines,South,Georgia,Consumer,First Class,797.96,155.59,2,0.1
ORD-00870,2023-10-20,Office Supplies,Art,East,Pennsylvania,Home Office,First Class,14.01,3.73,7,0.1
ORD-00871,2022-12-26,Furniture,Tables,Central,Illinois,Corporate,Second Class,243.96,25.24,3,0.1
ORD-00872,2022-11-21,Technology,Copiers,Central,Ohio,Corporate,Second Class,258.83,47.07,7,0.1
ORD-00873,2023-04-29,Office Supplies,Art,South,Florida,Consumer,Second Class,26.06,-2.76,9,0.2
ORD-00874,2023-02-01,Technology,Accessories,Central,Illinois,Corporate,Standard Class,1168.1,351.74,6,0.3
ORD-00875,2022-05-29,Furniture,Chairs,South,Florida,Corporate,Standard Class,1165.27,261.04,2,0.1
ORD-00876,2023-05-28,Office Supplies,Labels,West,Oregon,Corporate,Second Class,91.41,3.19,4,0.2
ORD-00877,2023-08-16,Office Supplies,Labels,West,Oregon,Home Office,Standard Class,38.09,1.47,1,0.0
ORD-00878,2024-12-29,Furniture,Chairs,East,New York,Consumer,Second Class,380.42,71.14,9,0.1
ORD-00879,2022-02-26,Furniture,Bookcases,Central,Texas,Corporate,Standard Class,556.85,160.49,1,0.0
ORD-00880,2024-02-15,Technology,Copiers,Central,Illinois,Corporate,Second Class,501.97,-46.82,9,0.0
ORD-00881,2024-05-28,Furniture,Furnishings,Central,Illinois,Consumer,Second Class,176.14,29.3,8,0.1
ORD-00882,2024-01-19,Office Supplies,Art,Central,Ohio,Home Office,Standard Class,83.78,0.03,7,0.0
ORD-00883,2024-08-24,Office Supplies,Art,Central,Ohio,Consumer,Second Class,55.4,9.24,7,0.0
ORD-00884,2022-06-25,Office Supplies,Art,South,North Carolina,Home Office,Standard Class,26.92,7.29,1,0.0
ORD-00885,2022-11-06,Office Supplies,Binders,East,New York,Corporate,Standard Class,109.86,-12.59,3,0.1
ORD-00886,2023-04-27,Office Supplies,Labels,Central,Texas,Home Office,Second Class,86.83,28.18,5,0.1
ORD-00887,2023-12-23,Office Supplies,Art,West,California,Consumer,Second Class,42.2,-0.78,6,0.3
ORD-00888,2024-10-26,Furniture,Tables,South,Georgia,Consumer,Standard Class,455.54,18.2,4,0.0
ORD-00889,2023-01-12,Technology,Accessories,West,California,Home Office,First Class,1383.34,386.95,9,0.0
ORD-00890,2023-07-02,Office Supplies,Paper,West,Washington,Corporate,First Class,23.53,6.04,9,0.1
ORD-00891,2022-01-16,Technology,Phones,East,New Jersey,Home Office,First Class,1253.97,387.6,5,0.0
ORD-00892,2024-08-20,Office Supplies,Labels,West,Oregon,Corporate,Second Class,37.53,9.46,3,0.1
ORD-00893,2024-05-17,Furniture,Bookcases,South,Florida,Consumer,Standard Class,175.6,30.47,5,0.0
ORD-00894,2023-08-17,Office Supplies,Labels,South,Florida,Home Office,Standard Class,50.07,6.14,6,0.3
ORD-00895,2024-12-07,Office Supplies,Storage,East,New Jersey,Consumer,Standard Class,58.89,4.99,2,0.0
ORD-00896,2024-08-17,Office Supplies,Labels,South,North Carolina,Consumer,Standard Class,34.07,2.74,2,0.0
ORD-00897,2023-10-31,Technology,Accessories,West,California,Home Office,Standard Class,301.78,71.59,7,0.1
ORD-00898,2022-07-07,Furniture,Bookcases,Central,Illinois,Home Office,Standard Class,633.42,-84.42,8,0.0
ORD-00899,2024-12-25,Technology,Accessories,West,Washington,Consumer,Second Class,629.44,153.05,4,0.1
ORD-00900,2024-03-11,Office Supplies,Storage,South,Georgia,Consumer,Standard Class,14.87,1.41,2,0.2
ORD-00901,2022-05-26,Furniture,Bookcases,South,Georgia,Consumer,Standard Class,195.92,10.33,3,0.3
ORD-00902,2024-10-10,Furniture,Tables,West,Oregon,Corporate,Second Class,165.79,29.83,2,0.2
ORD-00903,2023-01-13,Office Supplies,Labels,Central,Illinois,Home Office,Standard Class,131.94,3.85,2,0.1
ORD-00904,2022-12-10,Furniture,Furnishings,East,New York,Consumer,Second Class,315.49,105.99,2,0.1
ORD-00905,2023-08-29,Office Supplies,Paper,East,New Jersey,Consumer,Standard Class,43.55,0.66,6,0.0
ORD-00906,2024-09-01,Office Supplies,Storage,South,Florida,Home Office,First Class,28.09,-0.34,5,0.3
ORD-00907,2022-10-23,Office Supplies,Paper,Central,Texas,Consumer,Standard Class,24.79,5.98,1,0.1
ORD-00908,2022-04-27,Furniture,Bookcases,East,Pennsylvania,Corporate,First Class,211.84,63.78,7,0.0
ORD-00909,2023-05-12,Office Supplies,Binders,West,Oregon,Consumer,Standard Class,82.95,16.51,6,0.1
ORD-00910,2024-12-30,Furniture,Furnishings,West,Oregon,Consumer,First Class,122.94,25.92,4,0.0
ORD-00911,2024-09-04,Furniture,Bookcases,West,Washington,Consumer,Standard Class,64.73,-6.17,3,0.0
ORD-00912,2024-01-17,Technology,Accessories,Central,Ohio,Home Office,First Class,237.3,-11.9,4,0.0
ORD-00913,2022-01-10,Office Supplies,Art,East,Pennsylvania,Consumer,Standard Class,17.36,1.06,2,0.1
ORD-00914,2023-01-30,Technology,Machines,South,Florida,Corporate,Standard Class,374.98,40.99,5,0.0
ORD-00915,2024-12-19,Office Supplies,Binders,West,Washington,Corporate,Second Class,8.75,2.36,3,0.0
ORD-00916,2022-05-06,Office Supplies,Binders,Central,Ohio,Consumer,Standard Class,38.85,3.06,9,0.1
ORD-00917,2022-11-28,Office Supplies,Labels,East,New Jersey,Corporate,Standard Class,25.92,-1.02,3,0.2
ORD-00918,2024-12-18,Furniture,Chairs,East,New York,Home Office,Standard Class,229.06,74.16,2,0.3
ORD-00919,2022-12-21,Office Supplies,Labels,South,North Carolina,Home Office,Standard Class,120.28,22.93,7,0.0
ORD-00920,2024-05-17,Office Supplies,Art,East,New Jersey,Corporate,Second Class,46.43,9.18,9,0.0
ORD-00921,2024-10-13,Furniture,Bookcases,South,Florida,Consumer,First Class,319.08,34.15,6,0.0
ORD-00922,2022-08-10,Office Supplies,Storage,South,Florida,Corporate,Standard Class,6.62,-0.14,4,0.0
ORD-00923,2023-10-02,Furniture,Tables,West,Oregon,Corporate,Standard Class,223.68,33.11,3,0.1
ORD-00924,2024-06-12,Office Supplies,Labels,West,California,Consumer,Second Class,58.11,7.99,9,0.2
ORD-00925,2023-09-10,Office Supplies,Art,East,New York,Consumer,Second Class,49.62,-3.59,7,0.0
ORD-00926,2022-06-23,Technology,Machines,Central,Illinois,Home Office,Standard Class,765.5,209.74,7,0.1
ORD-00927,2023-10-14,Furniture,Chairs,West,Washington,Home Office,Standard Class,116.72,10.59,2,0.2
ORD-00928,2024-10-20,Furniture,Chairs,East,New York,Consumer,Standard Class,81.54,-0.57,2,0.0
ORD-00929,2022-08-03,Furniture,Tables,South,Florida,Corporate,Standard Class,225.21,47.37,2,0.0
ORD-00930,2023-08-15,Office Supplies,Labels,South,North Carolina,Corporate,First Class,12.88,-0.54,8,0.1
ORD-00931,2024-01-03,Technology,Copiers,South,Florida,Consumer,Standard Class,182.11,-23.53,4,0.2
ORD-00932,2022-02-01,Furniture,Chairs,West,California,Home Office,First Class,612.24,-82.52,8,0.0
ORD-00933,2023-11-29,Furniture,Bookcases,West,California,Consumer,First Class,221.09,-9.72,2,0.0
ORD-00934,2024-05-08,Office Supplies,Labels,East,Pennsylvania,Consumer,Same Day,45.58,13.53,1,0.2
ORD-00935,2023-04-08,Technology,Copiers,Central,Ohio,Consumer,Standard Class,174.28,-18.93,1,0.1
ORD-00936,2022-11-08,Technology,Phones,South,North Carolina,Home Office,Standard Class,122.45,13.01,3,0.1
ORD-00937,2022-07-21,Technology,Copiers,South,North Carolina,Consumer,Second Class,172.03,-5.67,2,0.1
ORD-00938,2024-08-19,Technology,Copiers,West,California,Consumer,Standard Class,230.06,75.57,7,0.3
ORD-00939,2024-09-08,Furniture,Bookcases,West,California,Home Office,Standard Class,391.43,10.55,4,0.1
ORD-00940,2023-11-18,Technology,Machines,West,Oregon,Consumer,Standard Class,317.88,82.45,1,0.1
ORD-00941,2024-05-21,Technology,Phones,East,New York,Home Office,Standard Class,904.64,-54.33,3,0.2
ORD-00942,2024-11-11,Technology,Machines,South,Florida,Corporate,Standard Class,470.75,-67.3,6,0.1
ORD-00943,2022-01-08,Technology,Accessories,West,Oregon,Consumer,First Class,424.46,-56.39,9,0.0
ORD-00944,2024-07-11,Office Supplies,Binders,East,New York,Corporate,First Class,15.42,2.02,8,0.0
ORD-00945,2022-11-24,Furniture,Bookcases,West,Washington,Home Office,Same Day,690.64,23.41,7,0.0
ORD-00946,2022-10-03,Technology,Copiers,Central,Texas,Consumer,Standard Class,29.23,3.31,1,0.2
ORD-00947,2023-12-20,Furniture,Chairs,West,Oregon,Corporate,First Class,1250.45,360.99,4,0.0
ORD-00948,2022-11-06,Technology,Phones,East,Pennsylvania,Home Office,Standard Class,306.37,51.02,7,0.1
ORD-00949,2024-11-13,Technology,Copiers,East,New Jersey,Corporate,Standard Class,218.17,34.07,1,0.0
ORD-00950,2022-10-15,Furniture,Furnishings,South,North Carolina,Consumer,Standard Class,591.83,85.55,1,0.0
ORD-00951,2023-02-11,Furniture,Furnishings,Central,Illinois,Home Office,Standard Class,213.96,-8.28,4,0.2
ORD-00952,2024-07-29,Office Supplies,Binders,West,California,Home Office,Same Day,22.31,3.49,5,0.0
ORD-00953,2023-06-09,Office Supplies,Storage,Central,Ohio,Home Office,Standard Class,49.32,-7.01,9,0.2
ORD-00954,2024-09-30,Furniture,Bookcases,South,Florida,Consumer,Standard Class,535.15,45.3,7,0.0
ORD-00955,2023-12-09,Office Supplies,Art,West,Oregon,Consumer,Standard Class,167.99,14.91,4,0.0
ORD-00956,2024-03-30,Office Supplies,Storage,East,New York,Home Office,Standard Class,70.17,-9.34,1,0.1
ORD-00957,2022-07-17,Office Supplies,Binders,West,Oregon,Corporate,Standard Class,68.97,8.35,7,0.2
ORD-00958,2023-04-03,Office Supplies,Paper,Central,Ohio,Home Office,Standard Class,10.75,2.95,4,0.1
ORD-00959,2024-01-24,Furniture,Chairs,South,Florida,Consumer,Second Class,75.6,23.79,5,0.0
ORD-00960,2023-09-08,Furniture,Bookcases,West,Oregon,Home Office,Standard Class,109.34,26.71,7,0.0
ORD-00961,2022-03-13,Office Supplies,Binders,West,Oregon,Consumer,Standard Class,16.86,5.7,6,0.2
ORD-00962,2022-04-16,Office Supplies,Paper,Central,Ohio,Consumer,Standard Class,157.99,-3.02,4,0.0
ORD-00963,2023-03-20,Technology,Machines,Central,Illinois,Consumer,Standard Class,503.34,8.22,1,0.2
ORD-00964,2023-10-21,Office Supplies,Labels,Central,Ohio,Consumer,Second Class,69.07,13.78,1,0.0
ORD-00965,2023-02-18,Technology,Phones,West,Oregon,Consumer,Second Class,243.12,-26.26,4,0.2
ORD-00966,2022-05-28,Office Supplies,Binders,Central,Illinois,Consumer,Second Class,48.58,3.68,3,0.0
ORD-00967,2023-09-20,Office Supplies,Art,West,Oregon,Consumer,Second Class,30.61,7.66,7,0.1
ORD-00968,2024-02-13,Office Supplies,Binders,East,New York,Corporate,First Class,59.87,-8.76,6,0.1
ORD-00969,2022-09-28,Technology,Phones,South,Georgia,Corporate,Standard Class,185.85,-15.99,6,0.2
ORD-00970,2023-05-26,Technology,Accessories,Central,Ohio,Home Office,Standard Class,147.6,-7.91,5,0.3
ORD-00971,2024-11-12,Office Supplies,Labels,Central,Texas,Corporate,Standard Class,158.8,-3.67,1,0.2
ORD-00972,2024-01-26,Furniture,Tables,East,New York,Corporate,Same Day,388.52,76.54,9,0.0
ORD-00973,2022-11-10,Technology,Machines,West,Washington,Corporate,First Class,610.12,123.49,1,0.0
ORD-00974,2022-03-07,Furniture,Furnishings,West,Oregon,Home Office,Second Class,74.12,6.31,9,0.2
ORD-00975,2024-07-14,Office Supplies,Art,Central,Illinois,Corporate,Standard Class,56.0,15.9,1,0.3
ORD-00976,2024-07-05,Technology,Accessories,South,Georgia,Corporate,Standard Class,640.68,223.44,3,0.1
ORD-00977,2024-10-20,Furniture,Bookcases,South,Georgia,Corporate,Standard Class,238.23,5.53,3,0.1
ORD-00978,2022-01-05,Office Supplies,Art,South,North Carolina,Consumer,Standard Class,125.16,34.26,3,0.3
ORD-00979,2023-05-19,Office Supplies,Binders,West,California,Home Office,Standard Class,49.51,2.36,2,0.1
ORD-00980,2022-06-24,Furniture,Furnishings,Central,Texas,Corporate,Standard Class,452.42,-24.08,2,0.0
ORD-00981,2024-07-19,Office Supplies,Storage,Central,Illinois,Consumer,Standard Class,53.37,12.84,6,0.0
ORD-00982,2022-03-09,Technology,Accessories,South,Florida,Corporate,Standard Class,262.85,-1.69,7,0.0
ORD-00983,2022-04-06,Office Supplies,Paper,West,Oregon,Home Office,Second Class,191.41,-3.33,7,0.0
ORD-00984,2022-03-28,Technology,Machines,East,Pennsylvania,Consumer,Standard Class,591.5,-9.02,6,0.0
ORD-00985,2022-05-22,Furniture,Bookcases,East,New York,Home Office,First Class,217.56,23.95,3,0.0
ORD-00986,2024-08-31,Furniture,Furnishings,Central,Ohio,Corporate,Standard Class,625.56,129.46,1,0.0
ORD-00987,2023-04-26,Office Supplies,Art,East,New Jersey,Home Office,Standard Class,59.41,-1.64,1,0.2
ORD-00988,2023-10-28,Technology,Copiers,West,California,Consumer,Standard Class,516.98,54.15,2,0.0
ORD-00989,2023-01-02,Office Supplies,Binders,South,North Carolina,Consumer,Second Class,118.88,9.09,7,0.1
ORD-00990,2024-04-26,Office Supplies,Binders,West,California,Home Office,Second Class,46.65,10.26,8,0.1
ORD-00991,2023-04-11,Technology,Machines,East,Pennsylvania,Corporate,Second Class,1453.42,300.91,5,0.1
ORD-00992,2024-11-10,Technology,Machines,West,California,Consumer,Second Class,217.89,-21.29,4,0.1
ORD-00993,2024-07-05,Technology,Machines,Central,Ohio,Home Office,Standard Class,303.15,-21.33,4,0.0
ORD-00994,2022-01-27,Office Supplies,Art,South,North Carolina,Consumer,Same Day,6.98,2.24,6,0.0
ORD-00995,2023-06-28,Office Supplies,Labels,South,Georgia,Consumer,Standard Class,87.16,-0.14,8,0.2
ORD-00996,2022-03-25,Office Supplies,Art,West,Washington,Corporate,Standard Class,34.62,6.54,5,0.0
ORD-00997,2022-09-19,Office Supplies,Storage,South,North Carolina,Corporate,Standard Class,17.08,2.9,9,0.1
ORD-00998,2023-07-24,Office Supplies,Art,South,Georgia,Home Office,Second Class,13.18,4.03,2,0.1
ORD-00999,2024-07-31,Technology,Machines,West,Oregon,Consumer,First Class,341.66,8.25,4,0.0
ORD-01000,2022-03-19,Technology,Copiers,West,California,Corporate,Standard Class,670.21,118.49,6,0.3
ORD-01001,2022-09-01,Office Supplies,Labels,South,Florida,Consumer,First Class,139.1,18.91,1,0.0
ORD-01002,2024-04-23,Furniture,Tables,West,California,Home Office,First Class,220.29,41.79,2,0.3
ORD-01003,2023-11-23,Technology,Machines,South,Florida,Consumer,Standard Class,426.24,113.49,1,0.2
ORD-01004,2022-04-28,Technology,Machines,East,New Jersey,Consumer,Standard Class,107.8,32.82,8,0.0
ORD-01005,2022-10-27,Furniture,Furnishings,Central,Ohio,Consumer,Standard Class,176.31,-4.64,6,0.3
ORD-01006,2022-09-13,Office Supplies,Binders,East,Pennsylvania,Consumer,First Class,23.34,-2.0,7,0.0
ORD-01007,2023-05-31,Technology,Copiers,Central,Illinois,Home Office,Second Class,310.4,-31.62,5,0.3
ORD-01008,2023-03-07,Office Supplies,Binders,South,Georgia,Corporate,Standard Class,14.46,-1.18,9,0.2
ORD-01009,2024-09-01,Office Supplies,Binders,South,North Carolina,Corporate,Standard Class,86.62,25.46,8,0.1
ORD-01010,2023-08-06,Technology,Phones,Central,Texas,Consumer,First Class,134.35,30.67,2,0.2
ORD-01011,2022-01-13,Office Supplies,Storage,South,North Carolina,Corporate,First Class,70.9,5.37,3,0.1
ORD-01012,2024-02-07,Technology,Phones,East,New York,Consumer,Second Class,231.08,29.78,1,0.1
ORD-01013,2024-05-21,Furniture,Tables,Central,Texas,Corporate,Standard Class,135.11,-12.32,6,0.1
ORD-01014,2024-03-15,Technology,Copiers,West,California,Consumer,Standard Class,679.1,-10.19,4,0.2
ORD-01015,2024-10-29,Office Supplies,Paper,South,Florida,Corporate,Standard Class,101.71,-14.81,5,0.0
ORD-01016,2023-11-11,Technology,Phones,South,Florida,Home Office,Standard Class,729.36,14.91,6,0.0
ORD-01017,2023-05-10,Office Supplies,Paper,East,Pennsylvania,Home Office,Standard Class,23.03,3.97,9,0.1
ORD-01018,2022-04-27,Office Supplies,Storage,South,North Carolina,Home Office,Same Day,12.35,1.2,2,0.1
ORD-01019,2022-02-28,Furniture,Furnishings,West,Washington,Corporate,Standard Class,739.13,36.29,4,0.1
ORD-01020,2022-08-02,Technology,Phones,Central,Texas,Home Office,Standard Class,446.58,131.54,2,0.1
ORD-01021,2024-01-14,Office Supplies,Binders,West,California,Corporate,First Class,8.02,0.85,3,0.2
ORD-01022,2023-04-21,Office Supplies,Binders,South,Florida,Corporate,Standard Class,35.4,-1.68,8,0.0
ORD-01023,2023-06-06,Office Supplies,Binders,Central,Illinois,Corporate,Standard Class,23.23,7.69,3,0.1
ORD-01024,2022-06-21,Office Supplies,Art,South,North Carolina,Corporate,First Class,89.47,-2.93,2,0.1
ORD-01025,2022-11-26,Office Supplies,Art,East,New York,Corporate,Standard Class,35.81,5.17,7,0.1
ORD-01026,2022-12-23,Furniture,Bookcases,South,Florida,Consumer,First Class,226.85,15.15,8,0.0
ORD-01027,2023-06-06,Technology,Copiers,South,Georgia,Home Office,Standard Class,1642.29,242.17,2,0.2
ORD-01028,2023-06-19,Technology,Phones,West,Oregon,Home Office,Standard Class,344.25,98.62,4,0.1
ORD-01029,2024-05-02,Office Supplies,Labels,Central,Illinois,Home Office,Same Day,103.59,-2.96,9,0.0
ORD-01030,2024-03-28,Technology,Accessories,Central,Ohio,Consumer,First Class,459.55,156.64,9,0.3
ORD-01031,2023-07-08,Technology,Machines,East,Pennsylvania,Corporate,Standard Class,814.81,75.52,2,0.1
ORD-01032,2023-06-18,Technology,Accessories,Central,Texas,Corporate,First Class,431.3,134.28,8,0.0
ORD-01033,2024-10-18,Technology,Copiers,West,Washington,Home Office,Standard Class,733.15,-31.58,4,0.0
ORD-01034,2023-09-19,Technology,Phones,West,California,Home Office,Standard Class,447.85,40.37,9,0.2
ORD-01035,2022-07-30,Technology,Machines,East,New Jersey,Home Office,Second Class,402.49,49.26,7,0.0
ORD-01036,2022-06-27,Technology,Machines,South,Georgia,Consumer,First Class,671.19,188.15,4,0.1
ORD-01037,2023-10-06,Office Supplies,Paper,Central,Ohio,Consumer,First Class,48.67,-3.67,9,0.1
ORD-01038,2023-12-24,Furniture,Bookcases,East,New Jersey,Corporate,Standard Class,547.87,136.63,6,0.2
ORD-01039,2023-07-18,Technology,Machines,West,Oregon,Consumer,Second Class,234.83,1.31,5,0.1
ORD-01040,2022-12-18,Furniture,Chairs,West,California,Consumer,First Class,218.27,75.11,4,0.2
ORD-01041,2023-08-06,Furniture,Furnishings,East,New Jersey,Corporate,Standard Class,319.15,97.6,3,0.0
ORD-01042,2024-02-16,Office Supplies,Art,West,Oregon,Consumer,Standard Class,5.0,-0.6,3,0.0
ORD-01043,2024-11-25,Office Supplies,Labels,Central,Illinois,Consumer,Second Class,137.67,26.75,7,0.2
ORD-01044,2022-01-08,Office Supplies,Storage,Central,Ohio,Corporate,Standard Class,43.64,15.12,4,0.0
ORD-01045,2023-08-02,Technology,Machines,Central,Texas,Home Office,Standard Class,318.8,26.59,1,0.1
ORD-01046,2023-02-04,Office Supplies,Labels,South,Florida,Consumer,Second Class,52.26,11.66,3,0.1
ORD-01047,2023-11-29,Furniture,Tables,East,Pennsylvania,Consumer,Standard Class,350.17,112.08,4,0.3
ORD-01048,2024-04-17,Technology,Copiers,South,Georgia,Home Office,Standard Class,278.82,77.27,5,0.2
ORD-01049,2024-07-13,Office Supplies,Labels,Central,Ohio,Home Office,First Class,176.59,-20.14,7,0.3
ORD-01050,2022-03-27,Furniture,Tables,South,Georgia,Home Office,First Class,72.8,4.25,1,0.1
ORD-01051,2022-09-24,Office Supplies,Paper,West,California,Home Office,First Class,68.08,-9.16,3,0.1
ORD-01052,2023-01-02,Technology,Accessories,West,Oregon,Consumer,Second Class,671.39,179.39,4,0.2
ORD-01053,2023-11-21,Furniture,Bookcases,South,Florida,Corporate,Second Class,307.83,49.4,5,0.1
ORD-01054,2023-08-26,Technology,Phones,Central,Illinois,Corporate,Standard Class,239.7,-14.31,2,0.3
ORD-01055,2022-06-25,Technology,Phones,Central,Texas,Consumer,Standard Class,283.58,20.03,1,0.1
ORD-01056,2023-02-07,Technology,Accessories,South,North Carolina,Home Office,Standard Class,78.94,10.2,3,0.2
ORD-01057,2024-12-26,Office Supplies,Paper,South,North Carolina,Home Office,Same Day,24.35,0.53,6,0.1
ORD-01058,2022-08-21,Office Supplies,Binders,Central,Ohio,Corporate,Standard Class,64.3,19.16,5,0.0
ORD-01059,2024-07-14,Office Supplies,Art,Central,Ohio,Corporate,First Class,45.19,8.46,5,0.2
ORD-01060,2023-01-03,Office Supplies,Labels,West,Oregon,Corporate,Standard Class,74.69,-2.07,7,0.0
ORD-01061,2023-12-02,Furniture,Tables,South,Georgia,Corporate,Standard Class,213.2,69.0,2,0.0
ORD-01062,2024-12-25,Technology,Accessories,East,New York,Home Office,Second Class,1107.26,87.51,1,0.0
ORD-01063,2023-08-24,Furniture,Furnishings,West,Washington,Home Office,Standard Class,389.71,79.59,5,0.0
ORD-01064,2024-11-24,Office Supplies,Paper,Central,Texas,Home Office,Standard Class,20.65,3.13,2,0.3
ORD-01065,2024-08-08,Furniture,Chairs,West,Washington,Home Office,Standard Class,1147.38,-132.9,6,0.2
ORD-01066,2023-10-30,Office Supplies,Art,East,New York,Corporate,Second Class,7.52,0.39,8,0.2
ORD-01067,2024-02-19,Technology,Machines,East,New Jersey,Corporate,Standard Class,592.15,166.59,1,0.0
ORD-01068,2022-03-20,Office Supplies,Storage,Central,Ohio,Home Office,First Class,44.25,-2.38,3,0.0
ORD-01069,2022-08-29,Furniture,Tables,South,Florida,Corporate,Standard Class,278.29,-8.09,5,0.3
ORD-01070,2024-12-03,Office Supplies,Storage,East,Pennsylvania,Consumer,Standard Class,10.97,2.33,1,0.0
ORD-01071,2024-07-03,Technology,Machines,Central,Ohio,Home Office,Standard Class,159.55,55.09,6,0.0
ORD-01072,2023-07-06,Technology,Machines,Central,Texas,Corporate,Standard Class,331.64,89.47,5,0.1
ORD-01073,2023-03-22,Office Supplies,Binders,South,Georgia,Consumer,Standard Class,17.27,4.51,1,0.0
ORD-01074,2022-09-16,Office Supplies,Binders,Central,Ohio,Consumer,Standard Class,19.66,5.22,7,0.1
ORD-01075,2023-12-28,Office Supplies,Labels,East,Pennsylvania,Corporate,Second Class,92.47,15.48,2,0.3
ORD-01076,2022-02-08,Office Supplies,Storage,East,Pennsylvania,Home Office,First Class,25.11,1.44,3,0.2
ORD-01077,2023-01-28,Furniture,Furnishings,Central,Ohio,Corporate,Standard Class,5.82,-0.58,4,0.3
ORD-01078,2022-10-11,Office Supplies,Binders,South,North Carolina,Corporate,Standard Class,21.46,4.11,7,0.3
ORD-01079,2024-04-26,Technology,Accessories,South,North Carolina,Home Office,Second Class,75.86,4.06,1,0.0
ORD-01080,2022-04-27,Office Supplies,Binders,Central,Ohio,Consumer,Second Class,16.51,0.83,4,0.0
ORD-01081,2022-04-22,Office Supplies,Binders,West,California,Consumer,Standard Class,61.4,20.42,3,0.0
ORD-01082,2023-10-17,Office Supplies,Labels,East,New York,Home Office,Standard Class,74.77,-5.22,9,0.2
ORD-01083,2024-10-07,Furniture,Tables,West,Washington,Consumer,Second Class,31.35,1.22,7,0.0
ORD-01084,2023-06-12,Technology,Copiers,Central,Texas,Consumer,Same Day,1019.46,130.24,1,0.2
ORD-01085,2024-01-06,Furniture,Furnishings,East,Pennsylvania,Home Office,First Class,397.37,68.61,7,0.0
ORD-01086,2024-11-01,Furniture,Tables,West,Oregon,Home Office,Standard Class,23.85,2.96,1,0.3
ORD-01087,2023-09-16,Technology,Phones,South,Georgia,Home Office,Standard Class,95.01,26.65,5,0.1
ORD-01088,2023-06-02,Office Supplies,Labels,West,Oregon,Corporate,Standard Class,29.87,-2.98,5,0.1
ORD-01089,2024-07-14,Office Supplies,Storage,Central,Ohio,Corporate,First Class,87.62,27.05,4,0.1
ORD-01090,2023-11-10,Furniture,Tables,West,Oregon,Home Office,Second Class,542.33,-69.27,4,0.1
ORD-01091,2024-05-30,Office Supplies,Labels,West,Oregon,Corporate,Standard Class,124.12,-2.12,1,0.2
ORD-01092,2022-06-11,Office Supplies,Binders,Central,Ohio,Home Office,First Class,78.55,-6.74,5,0.3
ORD-01093,2024-05-16,Furniture,Chairs,West,California,Home Office,Standard Class,371.95,1.3,2,0.3
ORD-01094,2024-08-30,Technology,Phones,South,North Carolina,Corporate,Standard Class,61.94,8.79,8,0.1
ORD-01095,2023-01-16,Furniture,Tables,East,Pennsylvania,Consumer,Same Day,223.98,52.42,1,0.1
ORD-01096,2022-03-15,Technology,Copiers,Central,Ohio,Corporate,Standard Class,300.22,77.28,3,0.0
ORD-01097,2023-07-16,Technology,Phones,South,Florida,Home Office,Standard Class,196.64,15.33,9,0.0
ORD-01098,2023-01-15,Office Supplies,Art,Central,Illinois,Consumer,Standard Class,97.65,-13.61,1,0.1
ORD-01099,2024-11-03,Furniture,Chairs,South,Georgia,Consumer,Standard Class,39.41,5.49,8,0.0
ORD-01100,2022-03-25,Technology,Machines,East,Pennsylvania,Consumer,Standard Class,682.17,-68.86,9,0.2
ORD-01101,2024-09-09,Technology,Accessories,South,Florida,Home Office,Standard Class,227.36,71.3,5,0.1
ORD-01102,2024-05-11,Furniture,Bookcases,Central,Ohio,Home Office,Standard Class,413.87,61.88,4,0.0
ORD-01103,2023-07-21,Office Supplies,Storage,East,New York,Corporate,Standard Class,55.83,13.07,3,0.1
ORD-01104,2023-04-20,Technology,Phones,East,New Jersey,Consumer,Second Class,164.01,12.25,4,0.1
ORD-01105,2024-07-22,Office Supplies,Labels,West,Oregon,Home Office,Standard Class,80.88,-5.47,6,0.2
ORD-01106,2024-03-10,Furniture,Furnishings,East,New York,Corporate,Standard Class,139.62,35.62,6,0.1
ORD-01107,2024-12-10,Office Supplies,Storage,East,New Jersey,Home Office,Standard Class,82.42,14.92,2,0.1
ORD-01108,2022-10-25,Furniture,Chairs,South,North Carolina,Corporate,Standard Class,151.48,-13.07,5,0.0
ORD-01109,2024-10-20,Furniture,Chairs,East,New York,Corporate,Second Class,158.87,45.34,1,0.1
ORD-01110,2022-03-12,Technology,Phones,South,Georgia,Consumer,Standard Class,114.55,21.37,4,0.0
ORD-01111,2023-07-29,Office Supplies,Labels,South,Georgia,Corporate,Same Day,191.98,39.88,3,0.0
ORD-01112,2024-04-13,Technology,Machines,South,North Carolina,Corporate,Standard Class,214.31,-22.24,4,0.1
ORD-01113,2022-06-14,Technology,Machines,East,New York,Home Office,Standard Class,128.06,-3.63,6,0.0
ORD-01114,2024-10-02,Technology,Accessories,West,Washington,Corporate,Standard Class,538.87,146.48,9,0.1
ORD-01115,2022-10-23,Technology,Machines,East,New Jersey,Home Office,First Class,618.83,207.27,9,0.0
ORD-01116,2022-01-13,Office Supplies,Labels,West,Oregon,Consumer,Second Class,125.59,20.5,1,0.0
ORD-01117,2023-09-02,Office Supplies,Binders,South,North Carolina,Consumer,Standard Class,5.61,0.43,1,0.2
ORD-01118,2024-06-15,Furniture,Bookcases,South,North Carolina,Consumer,Standard Class,222.1,44.42,4,0.0
ORD-01119,2022-12-06,Furniture,Chairs,Central,Texas,Home Office,Standard Class,442.54,21.68,5,0.1
ORD-01120,2022-05-11,Furniture,Chairs,East,New York,Consumer,Standard Class,1448.35,262.92,5,0.1
ORD-01121,2023-08-11,Office Supplies,Storage,Central,Ohio,Home Office,Standard Class,23.24,-2.3,5,0.0
ORD-01122,2024-09-13,Technology,Accessories,West,Oregon,Consumer,Standard Class,401.18,77.48,5,0.2
ORD-01123,2023-07-15,Furniture,Chairs,West,Oregon,Home Office,Second Class,177.06,25.99,2,0.2
ORD-01124,2023-09-30,Technology,Copiers,Central,Texas,Home Office,Standard Class,902.88,266.53,6,0.2
ORD-01125,2023-11-30,Technology,Copiers,South,North Carolina,Consumer,Standard Class,229.33,48.37,2,0.1
ORD-01126,2022-03-09,Furniture,Chairs,West,Oregon,Consumer,Standard Class,172.11,-21.9,5,0.0
ORD-01127,2023-03-04,Office Supplies,Storage,South,Florida,Consumer,Second Class,40.63,-0.86,1,0.0
ORD-01128,2023-01-30,Technology,Phones,South,North Carolina,Home Office,Standard Class,45.42,11.53,7,0.1
ORD-01129,2023-03-30,Furniture,Chairs,East,New Jersey,Consumer,Second Class,79.03,-11.1,7,0.1
ORD-01130,2024-02-14,Technology,Accessories,East,Pennsylvania,Consumer,Second Class,496.17,-54.57,5,0.1
ORD-01131,2023-08-30,Office Supplies,Binders,East,New Jersey,Consumer,Standard Class,43.83,0.64,2,0.3
ORD-01132,2023-05-21,Furniture,Bookcases,Central,Texas,Home Office,Second Class,239.03,60.54,6,0.1
ORD-01133,2023-09-18,Furniture,Bookcases,Central,Illinois,Home Office,Standard Class,450.56,102.95,5,0.0
ORD-01134,2022-04-06,Office Supplies,Art,Central,Illinois,Corporate,Standard Class,30.15,7.42,3,0.1
ORD-01135,2023-01-08,Office Supplies,Storage,East,Pennsylvania,Consumer,Standard Class,30.82,3.44,4,0.1
ORD-01136,2023-02-15,Office Supplies,Art,East,Pennsylvania,Consumer,Standard Class,76.75,13.31,3,0.1
ORD-01137,2024-09-19,Office Supplies,Paper,South,Georgia,Home Office,Standard Class,53.35,3.15,7,0.0
ORD-01138,2024-01-24,Technology,Copiers,South,Georgia,Corporate,First Class,1246.57,158.18,2,0.1
ORD-01139,2023-04-03,Furniture,Chairs,East,New York,Consumer,Standard Class,167.32,27.96,3,0.2
ORD-01140,2022-01-25,Technology,Phones,Central,Texas,Consumer,Standard Class,624.04,-56.58,2,0.0
ORD-01141,2022-05-09,Office Supplies,Art,West,Washington,Home Office,First Class,39.69,12.98,6,0.3
ORD-01142,2024-03-23,Technology,Accessories,East,Pennsylvania,Consumer,Standard Class,859.74,248.31,6,0.2
ORD-01143,2024-04-09,Technology,Copiers,West,Oregon,Corporate,Standard Class,195.83,-9.12,2,0.1
ORD-01144,2024-09-29,Office Supplies,Binders,Central,Illinois,Consumer,Standard Class,70.23,5.34,5,0.1
ORD-01145,2023-08-07,Office Supplies,Paper,South,Florida,Home Office,Standard Class,113.98,7.38,5,0.0
ORD-01146,2022-07-13,Office Supplies,Storage,South,Florida,Corporate,Standard Class,43.21,7.09,3,0.0
ORD-01147,2022-05-13,Office Supplies,Labels,South,Georgia,Home Office,Standard Class,27.06,-2.65,7,0.0
ORD-01148,2023-05-14,Technology,Accessories,Central,Texas,Home Office,Second Class,470.35,128.56,6,0.1
ORD-01149,2022-01-29,Office Supplies,Storage,Central,Texas,Home Office,Standard Class,5.0,-0.6,5,0.2
ORD-01150,2024-08-17,Office Supplies,Binders,East,Pennsylvania,Consumer,Standard Class,47.3,4.79,5,0.3
ORD-01151,2024-09-18,Furniture,Chairs,East,Pennsylvania,Home Office,Same Day,656.53,-11.57,3,0.2
ORD-01152,2022-05-02,Office Supplies,Labels,West,Washington,Consumer,Standard Class,28.54,-3.23,2,0.0
ORD-01153,2023-12-22,Technology,Machines,South,Florida,Consumer,Standard Class,469.89,-16.54,3,0.0
ORD-01154,2022-10-21,Office Supplies,Art,South,Georgia,Consumer,Standard Class,140.2,-14.37,9,0.3
ORD-01155,2023-02-27,Furniture,Tables,East,New Jersey,Consumer,Second Class,334.05,61.44,1,0.3
ORD-01156,2023-01-01,Office Supplies,Binders,South,Georgia,Home Office,Second Class,48.5,-1.4,3,0.1
ORD-01157,2024-07-02,Office Supplies,Binders,East,Pennsylvania,Consumer,Same Day,53.54,7.22,9,0.1
ORD-01158,2022-03-12,Furniture,Tables,South,Georgia,Corporate,Same Day,846.15,291.87,4,0.1
ORD-01159,2022-06-07,Furniture,Furnishings,West,Washington,Corporate,Standard Class,572.36,36.47,5,0.0
ORD-01160,2024-02-25,Technology,Machines,East,New Jersey,Home Office,Same Day,567.68,2.21,6,0.0
ORD-01161,2022-05-16,Technology,Copiers,East,New York,Home Office,Standard Class,350.22,97.57,5,0.2
ORD-01162,2022-03-23,Office Supplies,Paper,East,New Jersey,Corporate,Standard Class,69.76,-3.45,4,0.1
ORD-01163,2022-04-07,Technology,Accessories,East,New York,Home Office,Standard Class,356.11,116.9,7,0.2
ORD-01164,2024-11-08,Furniture,Bookcases,West,Oregon,Consumer,Standard Class,398.76,72.16,2,0.0
ORD-01165,2022-08-30,Technology,Phones,South,Florida,Home Office,Standard Class,164.2,-3.88,2,0.2
ORD-01166,2022-11-27,Office Supplies,Paper,East,Pennsylvania,Consumer,Standard Class,110.98,-8.18,8,0.1
ORD-01167,2023-03-28,Office Supplies,Storage,East,New York,Home Office,Second Class,12.38,2.79,4,0.3
ORD-01168,2023-02-03,Office Supplies,Paper,West,California,Consumer,Second Class,5.0,0.38,4,0.2
ORD-01169,2023-12-12,Technology,Phones,West,California,Home Office,Standard Class,202.78,44.32,5,0.1
ORD-01170,2023-07-31,Office Supplies,Binders,Central,Ohio,Home Office,Standard Class,66.54,9.2,3,0.0
ORD-01171,2022-03-04,Furniture,Bookcases,Central,Illinois,Consumer,Second Class,40.14,-5.99,2,0.0
ORD-01172,2024-09-11,Office Supplies,Binders,East,New York,Corporate,First Class,16.14,2.07,7,0.1
ORD-01173,2023-03-07,Office Supplies,Paper,East,New York,Corporate,Standard Class,91.11,3.44,8,0.0
ORD-01174,2024-02-20,Office Supplies,Art,West,Oregon,Corporate,Standard Class,34.65,12.1,7,0.1
ORD-01175,2023-08-31,Technology,Accessories,West,California,Corporate,Standard Class,290.65,-31.12,2,0.0
ORD-01176,2022-12-08,Furniture,Chairs,Central,Ohio,Home Office,Second Class,220.13,2.94,4,0.0
ORD-01177,2024-08-18,Office Supplies,Labels,Central,Illinois,Home Office,First Class,128.86,-1.8,2,0.0
ORD-01178,2024-07-14,Furniture,Furnishings,South,North Carolina,Corporate,Standard Class,169.78,42.82,4,0.2
ORD-01179,2022-12-06,Furniture,Bookcases,South,Georgia,Consumer,Second Class,257.77,27.3,7,0.2
ORD-01180,2024-06-12,Office Supplies,Storage,East,Pennsylvania,Home Office,Standard Class,35.94,3.89,7,0.0
ORD-01181,2023-11-26,Office Supplies,Paper,East,New Jersey,Home Office,Standard Class,89.07,24.15,3,0.0
ORD-01182,2022-04-29,Furniture,Tables,South,North Carolina,Consumer,Standard Class,190.41,1.28,4,0.0
ORD-01183,2024-10-10,Office Supplies,Labels,Central,Texas,Consumer,Second Class,32.5,-0.7,5,0.0
ORD-01184,2023-02-09,Office Supplies,Art,Central,Texas,Consumer,First Class,97.79,18.73,9,0.1
ORD-01185,2022-03-28,Office Supplies,Paper,West,California,Corporate,Second Class,15.39,0.66,4,0.3
ORD-01186,2023-10-16,Furniture,Bookcases,West,Washington,Home Office,First Class,50.18,2.2,5,0.1
ORD-01187,2022-08-31,Technology,Copiers,South,Georgia,Consumer,Second Class,768.73,178.75,8,0.0
ORD-01188,2023-03-23,Technology,Accessories,Central,Texas,Consumer,Standard Class,195.01,13.5,7,0.1
ORD-01189,2022-01-09,Office Supplies,Art,South,Georgia,Home Office,Standard Class,45.04,13.41,6,0.1
ORD-01190,2024-07-24,Furniture,Furnishings,West,California,Corporate,Standard Class,389.46,124.75,3,0.2
ORD-01191,2024-08-26,Furniture,Tables,East,New York,Home Office,Second Class,114.81,1.26,4,0.0
ORD-01192,2023-02-09,Furniture,Bookcases,East,New York,Consumer,Standard Class,179.39,62.06,1,0.2
ORD-01193,2023-05-07,Furniture,Tables,East,Pennsylvania,Home Office,First Class,773.27,59.95,2,0.0
ORD-01194,2023-01-06,Technology,Machines,West,Oregon,Consumer,First Class,595.12,187.99,6,0.1
ORD-01195,2023-11-24,Furniture,Furnishings,East,New Jersey,Corporate,Second Class,384.9,15.4,4,0.1
ORD-01196,2022-06-12,Technology,Copiers,West,California,Home Office,Second Class,225.56,70.08,6,0.1
ORD-01197,2024-02-03,Office Supplies,Storage,West,Washington,Corporate,Standard Class,130.44,20.55,4,0.2
ORD-01198,2022-05-16,Technology,Copiers,Central,Illinois,Home Office,Standard Class,605.54,93.83,6,0.0
ORD-01199,2024-02-02,Office Supplies,Labels,West,Washington,Consumer,Standard Class,88.2,18.16,9,0.2
ORD-01200,2024-11-20,Technology,Copiers,East,New York,Corporate,Same Day,456.32,6.21,7,0.0
ORD-01201,2023-05-19,Technology,Machines,West,Oregon,Corporate,Standard Class,859.87,-126.56,7,0.0
ORD-01202,2024-08-24,Technology,Phones,East,Pennsylvania,Consumer,Second Class,260.96,-16.54,7,0.0
ORD-01203,2022-10-12,Technology,Copiers,West,Washington,Consumer,Standard Class,135.2,-10.09,3,0.0
ORD-01204,2023-06-08,Office Supplies,Art,South,North Carolina,Consumer,First Class,23.43,3.36,3,0.2
ORD-01205,2024-01-28,Office Supplies,Labels,West,Washington,Corporate,Standard Class,18.47,-0.87,8,0.1
ORD-01206,2022-09-14,Office Supplies,Art,East,New York,Corporate,Same Day,48.8,-3.07,5,0.0
ORD-01207,2023-02-01,Office Supplies,Storage,West,California,Consumer,Standard Class,64.09,4.33,9,0.1
ORD-01208,2022-08-03,Office Supplies,Labels,West,Washington,Home Office,Standard Class,92.64,20.86,2,0.1
ORD-01209,2022-09-18,Furniture,Chairs,Central,Ohio,Home Office,Standard Class,340.97,-16.99,6,0.0
ORD-01210,2024-10-02,Office Supplies,Art,East,New Jersey,Home Office,Standard Class,23.65,0.87,4,0.0
ORD-01211,2024-12-08,Office Supplies,Storage,Central,Texas,Consumer,Same Day,40.13,-3.02,8,0.1
ORD-01212,2022-09-08,Furniture,Bookcases,West,Washington,Home Office,Standard Class,575.15,-26.49,7,0.0
ORD-01213,2023-09-19,Office Supplies,Paper,West,California,Home Office,First Class,41.51,2.07,5,0.2
ORD-01214,2023-11-04,Office Supplies,Storage,East,New York,Corporate,First Class,174.32,-8.26,4,0.1
ORD-01215,2024-04-05,Technology,Phones,West,California,Consumer,Second Class,144.54,32.6,3,0.0
ORD-01216,2023-05-13,Office Supplies,Art,West,Oregon,Corporate,Standard Class,101.5,1.96,7,0.0
ORD-01217,2022-08-22,Technology,Copiers,Central,Texas,Consumer,Same Day,318.15,93.87,9,0.2
ORD-01218,2024-12-19,Furniture,Tables,West,Oregon,Corporate,First Class,444.91,76.88,5,0.1
ORD-01219,2023-10-21,Furniture,Furnishings,South,Georgia,Consumer,First Class,21.13,0.26,1,0.0
ORD-01220,2024-12-18,Technology,Copiers,West,Oregon,Consumer,Second Class,223.56,45.32,9,0.3
ORD-01221,2024-11-23,Office Supplies,Binders,Central,Texas,Corporate,First Class,56.94,-6.11,4,0.2
ORD-01222,2022-05-15,Office Supplies,Art,East,New Jersey,Corporate,Second Class,39.16,-5.33,5,0.0
ORD-01223,2024-10-23,Furniture,Bookcases,West,Oregon,Corporate,First Class,498.07,160.76,9,0.2
ORD-01224,2023-05-17,Furniture,Chairs,East,Pennsylvania,Corporate,Standard Class,427.97,-44.24,8,0.1
ORD-01225,2022-11-09,Technology,Copiers,West,California,Corporate,Standard Class,193.15,58.78,6,0.0
ORD-01226,2023-08-12,Technology,Phones,West,Oregon,Corporate,Standard Class,1818.14,465.43,8,0.2
ORD-01227,2024-01-16,Technology,Machines,Central,Texas,Corporate,Standard Class,214.01,-9.01,3,0.2
ORD-01228,2024-01-13,Technology,Phones,West,Oregon,Corporate,Standard Class,790.33,258.16,4,0.2
ORD-01229,2023-07-21,Office Supplies,Paper,South,Georgia,Home Office,Standard Class,20.44,-2.63,1,0.0
ORD-01230,2024-04-22,Office Supplies,Binders,South,North Carolina,Home Office,Standard Class,13.14,3.55,5,0.3
ORD-01231,2024-11-15,Technology,Accessories,West,Washington,Home Office,First Class,410.86,14.63,7,0.0
ORD-01232,2023-10-26,Office Supplies,Paper,Central,Texas,Home Office,Standard Class,86.66,13.06,6,0.0
ORD-01233,2024-05-05,Office Supplies,Labels,East,New York,Corporate,Same Day,94.75,-5.15,3,0.0
ORD-01234,2022-11-30,Office Supplies,Binders,Central,Illinois,Corporate,Standard Class,18.44,4.7,8,0.2
ORD-01235,2023-08-03,Furniture,Furnishings,East,New Jersey,Home Office,Standard Class,675.05,89.63,1,0.0
ORD-01236,2024-04-12,Technology,Phones,East,New York,Corporate,Standard Class,300.63,-31.9,1,0.0
ORD-01237,2024-04-18,Office Supplies,Art,West,Oregon,Home Office,First Class,21.61,2.86,7,0.0
ORD-01238,2022-08-13,Office Supplies,Paper,West,California,Home Office,Standard Class,54.96,-8.13,8,0.3
ORD-01239,2023-05-27,Office Supplies,Storage,Central,Illinois,Consumer,Standard Class,36.18,9.34,5,0.3
ORD-01240,2022-09-05,Furniture,Tables,Central,Illinois,Home Office,Standard Class,112.28,22.65,6,0.1
ORD-01241,2024-11-02,Office Supplies,Labels,Central,Illinois,Corporate,Second Class,168.09,41.2,8,0.2
ORD-01242,2022-11-14,Office Supplies,Labels,East,Pennsylvania,Consumer,Standard Class,84.64,-4.78,5,0.0
ORD-01243,2024-01-17,Office Supplies,Art,West,Washington,Home Office,Standard Class,20.71,-2.27,4,0.2
ORD-01244,2024-01-26,Office Supplies,Labels,East,New Jersey,Home Office,Second Class,12.66,1.29,7,0.2
ORD-01245,2023-08-25,Technology,Machines,West,California,Consumer,Second Class,547.99,51.06,4,0.0
ORD-01246,2024-10-30,Technology,Phones,South,Florida,Consumer,Standard Class,263.56,18.29,3,0.2
ORD-01247,2024-03-20,Technology,Copiers,West,Oregon,Consumer,Standard Class,534.9,180.56,1,0.1
ORD-01248,2022-08-19,Furniture,Tables,East,Pennsylvania,Home Office,Standard Class,338.55,47.53,7,0.0
ORD-01249,2024-08-09,Office Supplies,Art,Central,Ohio,Home Office,Standard Class,14.67,-0.38,3,0.0
ORD-01250,2022-03-29,Office Supplies,Art,West,California,Consumer,First Class,37.17,11.75,2,0.2
ORD-01251,2022-12-12,Furniture,Chairs,East,New York,Consumer,Standard Class,748.61,-104.01,3,0.2
ORD-01252,2022-07-25,Office Supplies,Storage,South,North Carolina,Corporate,Standard Class,40.6,13.63,7,0.0
ORD-01253,2024-01-04,Office Supplies,Binders,East,New Jersey,Home Office,Standard Class,6.23,1.05,8,0.0
ORD-01254,2023-07-08,Office Supplies,Labels,West,California,Corporate,Standard Class,55.08,4.06,4,0.1
ORD-01255,2024-05-21,Office Supplies,Binders,Central,Illinois,Consumer,First Class,54.11,12.01,8,0.1
ORD-01256,2022-08-18,Office Supplies,Paper,Central,Texas,Home Office,Standard Class,5.93,2.03,8,0.2
ORD-01257,2024-08-31,Office Supplies,Binders,South,Georgia,Corporate,Standard Class,40.34,-5.64,9,0.1
ORD-01258,2024-09-13,Technology,Copiers,Central,Illinois,Consumer,Second Class,520.91,149.28,4,0.1
ORD-01259,2024-01-03,Technology,Accessories,South,Florida,Consumer,Standard Class,985.54,-33.2,9,0.2
ORD-01260,2022-03-05,Technology,Machines,East,New York,Home Office,First Class,433.44,-47.79,1,0.1
ORD-01261,2023-03-26,Technology,Accessories,Central,Texas,Consumer,Standard Class,323.41,-39.63,3,0.2
ORD-01262,2024-09-17,Office Supplies,Binders,West,Oregon,Corporate,Second Class,33.64,2.87,9,0.0
ORD-01263,2024-06-10,Technology,Copiers,Central,Texas,Consumer,Standard Class,299.57,92.46,2,0.0
ORD-01264,2023-05-16,Technology,Accessories,East,New Jersey,Home Office,First Class,277.24,74.35,4,0.0
ORD-01265,2022-08-06,Technology,Phones,South,Georgia,Consumer,Standard Class,177.31,-0.8,5,0.3
ORD-01266,2023-12-03,Technology,Machines,South,Georgia,Corporate,Standard Class,125.24,28.04,9,0.0
ORD-01267,2022-05-23,Technology,Machines,East,Pennsylvania,Home Office,Second Class,265.49,78.76,2,0.1
ORD-01268,2024-04-16,Office Supplies,Art,East,New Jersey,Consumer,Standard Class,69.43,0.76,8,0.2
ORD-01269,2022-06-23,Office Supplies,Art,East,Pennsylvania,Corporate,Standard Class,11.11,3.2,2,0.0
ORD-01270,2024-10-06,Technology,Machines,South,North Carolina,Corporate,Standard Class,85.86,-8.1,3,0.1
ORD-01271,2024-12-22,Technology,Accessories,East,Pennsylvania,Consumer,First Class,642.48,155.72,8,0.1
ORD-01272,2022-11-20,Technology,Copiers,Central,Texas,Home Office,Standard Class,498.81,91.49,6,0.1
ORD-01273,2022-04-08,Office Supplies,Storage,Central,Texas,Corporate,First Class,56.69,16.28,3,0.0
ORD-01274,2024-06-03,Office Supplies,Art,Central,Illinois,Corporate,Standard Class,68.5,2.56,5,0.0
ORD-01275,2022-09-14,Furniture,Tables,West,Washington,Corporate,Standard Class,504.21,161.49,3,0.0
ORD-01276,2022-10-10,Office Supplies,Paper,East,New Jersey,Corporate,Standard Class,63.64,14.6,8,0.0
ORD-01277,2023-04-11,Office Supplies,Labels,West,Oregon,Home Office,Standard Class,26.08,5.45,7,0.0
ORD-01278,2024-04-14,Office Supplies,Art,Central,Ohio,Corporate,Same Day,24.37,4.12,2,0.1
ORD-01279,2024-01-22,Office Supplies,Art,West,California,Corporate,Standard Class,34.97,2.74,6,0.2
ORD-01280,2024-05-10,Furniture,Bookcases,West,Oregon,Home Office,Standard Class,68.97,5.95,1,0.0
ORD-01281,2023-03-26,Furniture,Bookcases,East,New Jersey,Consumer,Standard Class,478.37,165.08,1,0.2
ORD-01282,2024-05-23,Office Supplies,Binders,East,New Jersey,Corporate,Standard Class,37.84,2.91,8,0.1
ORD-01283,2023-10-10,Furniture,Furnishings,South,North Carolina,Consumer,Second Class,260.11,47.01,4,0.1
ORD-01284,2023-10-31,Office Supplies,Paper,East,New York,Corporate,Standard Class,45.43,4.38,4,0.1
ORD-01285,2023-07-15,Office Supplies,Art,South,North Carolina,Consumer,Second Class,32.19,4.18,9,0.0
ORD-01286,2022-11-01,Office Supplies,Storage,Central,Ohio,Corporate,Standard Class,165.79,-7.41,2,0.0
ORD-01287,2023-01-26,Technology,Copiers,East,Pennsylvania,Corporate,Standard Class,533.5,-65.1,3,0.1
ORD-01288,2022-09-26,Office Supplies,Paper,Central,Ohio,Corporate,First Class,115.5,15.78,8,0.0
ORD-01289,2022-08-26,Office Supplies,Binders,West,Oregon,Home Office,Second Class,20.75,0.42,5,0.2
ORD-01290,2023-07-09,Furniture,Furnishings,East,New Jersey,Corporate,Same Day,1336.24,-22.68,7,0.2
ORD-01291,2023-11-01,Technology,Copiers,Central,Illinois,Home Office,Standard Class,323.18,78.7,2,0.1
ORD-01292,2023-03-14,Office Supplies,Labels,South,Florida,Corporate,Standard Class,41.68,2.43,5,0.1
ORD-01293,2024-03-24,Furniture,Furnishings,East,New York,Home Office,Standard Class,141.56,-9.65,2,0.2
ORD-01294,2022-09-20,Furniture,Chairs,East,New York,Home Office,Standard Class,446.77,84.53,8,0.3
ORD-01295,2022-02-12,Office Supplies,Storage,West,California,Home Office,Standard Class,63.45,-3.68,7,0.2
ORD-01296,2022-12-11,Office Supplies,Binders,West,California,Corporate,Second Class,14.4,-1.54,8,0.1
ORD-01297,2024-01-16,Furniture,Chairs,East,Pennsylvania,Home Office,Standard Class,138.52,-13.34,4,0.0
ORD-01298,2023-07-16,Technology,Accessories,West,Washington,Consumer,First Class,187.82,48.77,9,0.1
ORD-01299,2023-04-13,Technology,Phones,West,Oregon,Home Office,First Class,117.14,39.69,2,0.2
ORD-01300,2024-02-01,Furniture,Bookcases,Central,Illinois,Corporate,Standard Class,411.05,27.14,6,0.0
ORD-01301,2024-05-11,Technology,Accessories,South,North Carolina,Home Office,First Class,257.84,-15.11,2,0.0
ORD-01302,2023-07-30,Office Supplies,Art,East,New York,Corporate,First Class,90.42,-7.12,3,0.1
ORD-01303,2023-11-12,Furniture,Bookcases,East,New Jersey,Home Office,Standard Class,390.53,85.43,3,0.1
ORD-01304,2022-02-27,Furniture,Bookcases,Central,Texas,Consumer,Standard Class,316.39,82.61,7,0.0
ORD-01305,2024-07-04,Technology,Phones,Central,Ohio,Home Office,Second Class,16.99,0.05,8,0.0
ORD-01306,2023-12-18,Office Supplies,Labels,West,Washington,Home Office,Standard Class,80.16,13.75,6,0.0
ORD-01307,2024-01-17,Furniture,Chairs,Central,Illinois,Consumer,Second Class,378.0,67.02,7,0.1
ORD-01308,2022-07-31,Furniture,Chairs,West,California,Corporate,Second Class,322.88,87.15,9,0.2
ORD-01309,2024-07-02,Furniture,Bookcases,South,Georgia,Home Office,First Class,218.67,58.84,8,0.1
ORD-01310,2022-03-06,Furniture,Furnishings,West,Oregon,Consumer,Standard Class,184.96,25.91,4,0.0
ORD-01311,2024-08-06,Technology,Copiers,East,Pennsylvania,Consumer,Standard Class,347.43,-9.3,2,0.0
ORD-01312,2023-11-02,Furniture,Furnishings,Central,Texas,Corporate,Same Day,505.36,150.15,7,0.0
ORD-01313,2024-04-11,Office Supplies,Storage,South,North Carolina,Consumer,Second Class,35.94,-0.38,1,0.0
ORD-01314,2024-08-25,Technology,Phones,South,North Carolina,Home Office,Same Day,1003.52,276.32,3,0.0
ORD-01315,2023-09-30,Technology,Phones,South,Florida,Consumer,Same Day,326.58,-4.35,1,0.0
ORD-01316,2023-08-04,Office Supplies,Binders,West,Oregon,Corporate,Second Class,26.28,0.5,4,0.2
ORD-01317,2023-08-13,Furniture,Tables,Central,Texas,Home Office,Standard Class,242.34,-1.85,2,0.0
ORD-01318,2023-01-20,Furniture,Bookcases,South,Georgia,Home Office,Standard Class,252.91,37.08,3,0.0
ORD-01319,2022-01-10,Technology,Copiers,South,Florida,Corporate,Standard Class,538.33,80.34,8,0.0
ORD-01320,2023-10-23,Furniture,Bookcases,Central,Texas,Corporate,Standard Class,237.29,46.74,9,0.2
ORD-01321,2023-06-22,Office Supplies,Storage,Central,Ohio,Corporate,Standard Class,62.94,-2.62,7,0.0
ORD-01322,2023-03-29,Furniture,Chairs,West,Oregon,Corporate,Standard Class,221.59,-6.11,1,0.2
ORD-01323,2022-04-11,Technology,Accessories,West,Washington,Home Office,First Class,33.95,8.53,3,0.2
ORD-01324,2023-03-22,Furniture,Chairs,Central,Texas,Consumer,Standard Class,59.32,0.9,1,0.0
ORD-01325,2022-05-06,Furniture,Tables,Central,Texas,Home Office,Second Class,128.28,37.93,3,0.0
ORD-01326,2023-03-25,Technology,Copiers,Central,Texas,Home Office,First Class,507.69,-30.5,2,0.1
ORD-01327,2023-10-20,Furniture,Bookcases,South,Florida,Consumer,Standard Class,84.14,-3.59,6,0.3
ORD-01328,2023-05-27,Furniture,Tables,East,New York,Home Office,Standard Class,355.61,118.93,3,0.1
ORD-01329,2024-06-27,Technology,Phones,East,Pennsylvania,Corporate,Standard Class,168.81,-0.28,5,0.2
ORD-01330,2022-01-28,Technology,Accessories,East,New Jersey,Home Office,Second Class,753.8,240.55,6,0.0
ORD-01331,2024-11-22,Furniture,Bookcases,East,Pennsylvania,Home Office,Second Class,99.65,18.62,8,0.0
ORD-01332,2022-10-05,Furniture,Chairs,East,Pennsylvania,Corporate,Standard Class,766.06,64.03,6,0.1
ORD-01333,2023-12-09,Office Supplies,Art,Central,Illinois,Home Office,Standard Class,64.13,10.78,3,0.1
ORD-01334,2022-07-30,Furniture,Chairs,South,North Carolina,Corporate,First Class,936.09,-61.07,4,0.1
ORD-01335,2024-11-08,Technology,Machines,West,Washington,Home Office,First Class,767.58,229.28,2,0.1
ORD-01336,2022-02-25,Furniture,Chairs,South,Florida,Consumer,First Class,656.68,122.45,3,0.0
ORD-01337,2023-03-16,Technology,Phones,East,Pennsylvania,Home Office,Standard Class,462.93,104.71,4,0.1
ORD-01338,2022-03-31,Technology,Copiers,East,New Jersey,Consumer,Second Class,392.74,-39.52,3,0.2
ORD-01339,2023-06-13,Furniture,Chairs,East,New Jersey,Consumer,Second Class,382.74,-8.31,3,0.0
ORD-01340,2024-07-28,Furniture,Tables,Central,Illinois,Home Office,Second Class,304.56,-24.82,3,0.1
ORD-01341,2022-05-03,Technology,Copiers,East,New York,Consumer,Second Class,684.53,74.52,1,0.1
ORD-01342,2022-06-04,Office Supplies,Labels,East,New Jersey,Corporate,First Class,5.0,1.16,4,0.0
ORD-01343,2022-06-25,Technology,Machines,Central,Ohio,Corporate,Same Day,289.12,54.41,7,0.1
ORD-01344,2023-04-22,Furniture,Bookcases,West,California,Corporate,First Class,414.38,127.63,4,0.2
ORD-01345,2022-12-09,Furniture,Chairs,East,New Jersey,Home Office,Standard Class,313.37,-20.95,7,0.0
ORD-01346,2023-02-01,Office Supplies,Paper,East,Pennsylvania,Corporate,Standard Class,94.88,-5.08,7,0.0
ORD-01347,2022-01-01,Office Supplies,Paper,East,New York,Consumer,Standard Class,58.7,1.62,7,0.1
ORD-01348,2024-06-28,Technology,Accessories,Central,Ohio,Consumer,Second Class,139.13,16.25,3,0.0
ORD-01349,2023-10-04,Furniture,Bookcases,West,California,Home Office,Standard Class,1088.94,-52.03,1,0.0
ORD-01350,2024-02-18,Office Supplies,Paper,West,Oregon,Consumer,Standard Class,38.07,7.88,8,0.3
ORD-01351,2022-05-06,Furniture,Tables,East,New Jersey,Consumer,Standard Class,545.83,120.21,9,0.1
ORD-01352,2022-04-26,Technology,Machines,West,California,Home Office,Standard Class,66.59,0.82,4,0.1
ORD-01353,2022-11-04,Technology,Phones,South,Georgia,Home Office,Standard Class,230.23,54.25,6,0.1
ORD-01354,2022-07-23,Technology,Machines,East,Pennsylvania,Corporate,Standard Class,1083.05,353.11,1,0.2
ORD-01355,2023-11-03,Office Supplies,Storage,Central,Texas,Home Office,Second Class,66.23,20.67,2,0.1
ORD-01356,2024-02-26,Office Supplies,Binders,West,California,Consumer,First Class,81.81,-6.17,8,0.0
ORD-01357,2024-03-18,Technology,Accessories,East,New Jersey,Home Office,Standard Class,445.72,139.67,4,0.1
ORD-01358,2022-09-15,Furniture,Chairs,West,California,Consumer,Standard Class,156.71,-21.23,2,0.1
ORD-01359,2024-03-01,Office Supplies,Art,East,New York,Corporate,Standard Class,28.2,7.44,3,0.0
ORD-01360,2022-06-23,Furniture,Bookcases,East,Pennsylvania,Corporate,Standard Class,272.59,-39.68,3,0.0
ORD-01361,2023-02-27,Furniture,Furnishings,West,Washington,Corporate,First Class,243.4,43.23,9,0.1
ORD-01362,2024-10-17,Furniture,Furnishings,West,Washington,Home Office,Standard Class,464.28,121.83,8,0.3
ORD-01363,2022-01-27,Furniture,Chairs,East,New York,Consumer,Same Day,273.85,-25.42,2,0.0
ORD-01364,2022-07-29,Office Supplies,Binders,Central,Illinois,Home Office,Standard Class,62.43,0.37,5,0.0
ORD-01365,2023-07-26,Technology,Machines,Central,Illinois,Consumer,Standard Class,293.1,98.68,5,0.3
ORD-01366,2024-11-26,Furniture,Furnishings,Central,Ohio,Consumer,First Class,584.69,156.47,5,0.0
ORD-01367,2024-05-08,Technology,Copiers,West,Oregon,Corporate,First Class,192.74,4.43,7,0.1
ORD-01368,2022-01-08,Furniture,Bookcases,Central,Texas,Home Office,Standard Class,787.76,-107.98,1,0.3
ORD-01369,2023-12-07,Technology,Accessories,East,Pennsylvania,Corporate,Second Class,275.49,87.93,5,0.3
ORD-01370,2022-06-30,Office Supplies,Art,West,California,Home Office,Standard Class,71.3,10.07,6,0.1
ORD-01371,2023-12-04,Office Supplies,Binders,South,Georgia,Consumer,Standard Class,78.74,13.59,9,0.0
ORD-01372,2023-09-05,Office Supplies,Paper,South,North Carolina,Consumer,Same Day,115.78,-7.3,3,0.2
ORD-01373,2022-02-13,Office Supplies,Art,West,Washington,Corporate,Standard Class,316.01,66.6,9,0.0
ORD-01374,2023-08-24,Office Supplies,Storage,Central,Texas,Consumer,First Class,44.73,14.35,4,0.0
ORD-01375,2023-02-06,Office Supplies,Binders,East,New Jersey,Consumer,Standard Class,33.06,11.41,4,0.1
ORD-01376,2022-04-24,Office Supplies,Binders,East,Pennsylvania,Home Office,Standard Class,31.94,10.08,7,0.1
ORD-01377,2022-11-17,Technology,Accessories,Central,Texas,Corporate,Same Day,253.15,59.23,7,0.0
ORD-01378,2024-12-19,Office Supplies,Paper,West,Oregon,Corporate,Standard Class,28.44,-3.97,8,0.0
ORD-01379,2022-03-17,Office Supplies,Labels,Central,Texas,Consumer,Standard Class,6.54,-0.83,5,0.2
ORD-01380,2023-08-20,Furniture,Bookcases,Central,Texas,Corporate,Second Class,173.72,-2.33,2,0.0
ORD-01381,2022-08-02,Office Supplies,Labels,West,Oregon,Home Office,Standard Class,29.05,7.59,5,0.1
ORD-01382,2022-11-30,Office Supplies,Art,South,Florida,Corporate,Standard Class,106.53,-4.41,8,0.1
ORD-01383,2023-03-30,Technology,Copiers,East,New Jersey,Corporate,First Class,126.23,35.24,2,0.3
ORD-01384,2023-05-05,Furniture,Chairs,East,New Jersey,Consumer,First Class,221.4,28.22,4,0.0
ORD-01385,2022-12-10,Office Supplies,Paper,West,California,Corporate,Same Day,83.85,15.75,8,0.0
ORD-01386,2024-05-28,Furniture,Tables,Central,Ohio,Corporate,First Class,314.84,-2.51,7,0.0
ORD-01387,2022-05-22,Furniture,Furnishings,West,Oregon,Corporate,Standard Class,71.72,-1.61,3,0.0
ORD-01388,2022-07-21,Furniture,Bookcases,South,Florida,Home Office,Standard Class,87.63,27.72,2,0.0
ORD-01389,2023-10-27,Technology,Copiers,West,Washington,Consumer,Standard Class,602.54,201.65,5,0.3
ORD-01390,2022-05-16,Furniture,Bookcases,West,California,Consumer,Standard Class,1363.21,-134.38,2,0.0
ORD-01391,2023-01-08,Office Supplies,Paper,West,Oregon,Corporate,Standard Class,62.95,18.02,4,0.1
ORD-01392,2024-07-07,Technology,Accessories,East,New York,Corporate,First Class,808.64,-105.76,4,0.1
ORD-01393,2024-05-26,Office Supplies,Labels,West,Oregon,Corporate,First Class,10.93,0.6,9,0.3
ORD-01394,2024-09-04,Office Supplies,Binders,Central,Texas,Home Office,Standard Class,46.73,1.98,8,0.1
ORD-01395,2023-12-10,Technology,Phones,West,California,Consumer,Standard Class,259.4,-14.53,7,0.1
ORD-01396,2022-01-31,Furniture,Bookcases,West,Oregon,Corporate,Standard Class,47.41,15.9,4,0.1
ORD-01397,2022-06-16,Office Supplies,Paper,South,Florida,Consumer,Standard Class,71.19,16.13,4,0.0
ORD-01398,2022-11-08,Office Supplies,Binders,South,Georgia,Home Office,Standard Class,99.11,7.47,5,0.3
ORD-01399,2023-08-10,Office Supplies,Art,West,Washington,Home Office,Standard Class,48.53,6.42,3,0.2
ORD-01400,2022-11-06,Furniture,Furnishings,East,Pennsylvania,Home Office,Second Class,224.61,-26.14,9,0.1
ORD-01401,2023-10-19,Office Supplies,Storage,West,California,Home Office,Standard Class,81.56,22.94,1,0.1
ORD-01402,2024-01-18,Office Supplies,Labels,East,Pennsylvania,Consumer,Standard Class,56.38,-7.83,1,0.2
ORD-01403,2022-10-12,Furniture,Bookcases,East,New Jersey,Consumer,First Class,359.03,69.34,8,0.3
ORD-01404,2024-03-04,Furniture,Furnishings,South,Florida,Corporate,Standard Class,258.17,80.1,9,0.3
ORD-01405,2024-07-14,Furniture,Chairs,South,North Carolina,Corporate,Standard Class,566.82,-39.64,8,0.1
ORD-01406,2022-11-07,Furniture,Tables,South,Florida,Corporate,Standard Class,536.72,-71.74,4,0.1
ORD-01407,2023-09-01,Office Supplies,Paper,East,New Jersey,Corporate,First Class,77.49,16.89,8,0.0
ORD-01408,2022-10-04,Technology,Copiers,Central,Illinois,Corporate,Standard Class,196.78,59.92,2,0.1
ORD-01409,2023-02-04,Technology,Accessories,South,Florida,Home Office,Second Class,185.31,-9.17,1,0.1
ORD-01410,2023-01-17,Technology,Phones,East,New York,Home Office,Standard Class,128.74,8.61,5,0.0
ORD-01411,2023-08-18,Technology,Machines,East,New Jersey,Home Office,First Class,1206.36,-35.09,8,0.1
ORD-01412,2023-12-28,Office Supplies,Labels,East,Pennsylvania,Consumer,Second Class,67.22,19.77,1,0.0
ORD-01413,2024-06-27,Office Supplies,Art,West,Washington,Corporate,Standard Class,90.61,-6.99,7,0.0
ORD-01414,2022-03-17,Technology,Machines,South,Florida,Home Office,Standard Class,244.24,34.61,3,0.1
ORD-01415,2022-10-18,Office Supplies,Labels,Central,Illinois,Consumer,Standard Class,22.05,1.06,6,0.2
ORD-01416,2024-07-16,Technology,Accessories,Central,Ohio,Home Office,Standard Class,515.43,-59.9,3,0.0
ORD-01417,2024-08-02,Furniture,Furnishings,East,New Jersey,Consumer,Standard Class,58.67,11.39,8,0.0
ORD-01418,2022-08-27,Technology,Accessories,West,California,Home Office,First Class,676.39,35.86,3,0.3
ORD-01419,2024-07-08,Office Supplies,Storage,West,California,Home Office,Second Class,14.34,4.83,7,0.2
ORD-01420,2023-12-30,Furniture,Bookcases,West,Oregon,Consumer,Standard Class,254.34,72.53,3,0.1
ORD-01421,2023-05-29,Technology,Copiers,West,Oregon,Consumer,Standard Class,133.35,-9.89,8,0.0
ORD-01422,2023-08-08,Furniture,Tables,South,Florida,Corporate,Standard Class,223.0,-28.63,8,0.1
ORD-01423,2024-05-01,Office Supplies,Binders,West,Washington,Corporate,Standard Class,53.18,-4.63,3,0.1
ORD-01424,2024-03-04,Office Supplies,Storage,West,Washington,Corporate,Standard Class,137.45,17.8,7,0.0
ORD-01425,2023-03-26,Furniture,Chairs,Central,Illinois,Corporate,Second Class,53.71,6.93,6,0.1
ORD-01426,2023-07-26,Technology,Accessories,West,Washington,Home Office,Standard Class,772.37,-47.76,6,0.0
ORD-01427,2023-07-01,Office Supplies,Binders,South,Georgia,Corporate,First Class,41.33,9.14,1,0.2
ORD-01428,2024-12-13,Furniture,Tables,Central,Texas,Home Office,Second Class,509.6,104.85,9,0.3
ORD-01429,2022-05-26,Furniture,Furnishings,West,Oregon,Consumer,Standard Class,180.6,26.79,1,0.0
ORD-01430,2024-12-12,Office Supplies,Binders,East,New York,Home Office,Standard Class,28.12,2.72,2,0.1
ORD-01431,2023-04-24,Furniture,Furnishings,Central,Illinois,Corporate,Second Class,37.08,0.1,7,0.2
ORD-01432,2024-03-14,Office Supplies,Labels,Central,Ohio,Corporate,Standard Class,15.94,-0.18,1,0.1
ORD-01433,2023-03-23,Furniture,Tables,Central,Texas,Home Office,Standard Class,344.03,44.8,6,0.0
ORD-01434,2022-11-24,Office Supplies,Labels,South,North Carolina,Consumer,Same Day,65.12,6.13,9,0.0
ORD-01435,2024-10-20,Furniture,Chairs,East,New York,Corporate,Standard Class,1145.15,-9.69,8,0.2
ORD-01436,2023-07-10,Furniture,Tables,South,Florida,Home Office,Same Day,591.52,94.54,5,0.0
ORD-01437,2024-12-29,Technology,Machines,West,California,Corporate,Standard Class,254.02,88.15,2,0.0
ORD-01438,2022-09-18,Technology,Accessories,Central,Ohio,Consumer,Standard Class,223.94,-29.88,6,0.0
ORD-01439,2022-12-20,Technology,Phones,West,Washington,Home Office,Standard Class,653.43,163.41,3,0.0
ORD-01440,2022-02-13,Office Supplies,Labels,West,Oregon,Corporate,Standard Class,88.82,29.05,6,0.0
ORD-01441,2022-08-16,Office Supplies,Art,West,Oregon,Corporate,Standard Class,80.18,25.5,1,0.3
ORD-01442,2023-03-14,Technology,Phones,West,Oregon,Consumer,Standard Class,782.14,234.79,5,0.2
ORD-01443,2024-03-19,Technology,Copiers,South,Florida,Corporate,First Class,798.9,-89.44,2,0.1
ORD-01444,2024-05-24,Furniture,Chairs,East,New Jersey,Home Office,Second Class,122.94,4.98,9,0.0
ORD-01445,2023-06-14,Office Supplies,Art,Central,Ohio,Corporate,Standard Class,20.09,2.48,9,0.0
ORD-01446,2024-04-20,Furniture,Chairs,East,New York,Corporate,Standard Class,33.15,2.19,7,0.0
ORD-01447,2024-10-09,Office Supplies,Storage,West,Washington,Home Office,Second Class,36.43,4.81,3,0.0
ORD-01448,2023-10-26,Furniture,Tables,West,California,Consumer,Standard Class,713.32,35.09,7,0.3
ORD-01449,2022-02-03,Technology,Machines,West,California,Consumer,Standard Class,225.93,54.49,8,0.0
ORD-01450,2023-10-12,Technology,Accessories,Central,Texas,Home Office,First Class,636.82,129.69,9,0.1
ORD-01451,2023-01-16,Technology,Machines,East,New Jersey,Consumer,First Class,337.29,100.82,1,0.1
ORD-01452,2024-07-11,Office Supplies,Paper,West,Oregon,Corporate,First Class,110.58,17.85,1,0.1
ORD-01453,2022-07-05,Furniture,Bookcases,South,Florida,Home Office,Standard Class,188.62,1.68,6,0.0
ORD-01454,2024-10-28,Furniture,Bookcases,West,Washington,Corporate,Second Class,231.0,-19.59,2,0.1
ORD-01455,2022-02-28,Furniture,Chairs,Central,Illinois,Consumer,Same Day,152.41,43.02,1,0.0
ORD-01456,2023-12-22,Office Supplies,Binders,East,New York,Consumer,Standard Class,81.3,6.92,6,0.2
ORD-01457,2022-11-26,Office Supplies,Storage,East,New Jersey,Consumer,Standard Class,5.0,1.73,8,0.0
ORD-01458,2023-04-02,Furniture,Bookcases,Central,Illinois,Home Office,First Class,179.65,42.09,8,0.2
ORD-01459,2024-05-12,Technology,Phones,South,Georgia,Consumer,Second Class,214.22,57.46,4,0.2
ORD-01460,2022-08-14,Office Supplies,Paper,West,California,Consumer,Standard Class,38.23,3.61,8,0.1
ORD-01461,2022-07-10,Furniture,Tables,West,Washington,Home Office,Standard Class,515.05,11.14,3,0.0
ORD-01462,2024-06-11,Furniture,Chairs,South,Georgia,Consumer,Standard Class,116.16,31.61,2,0.1
ORD-01463,2024-12-14,Technology,Accessories,South,Florida,Corporate,Standard Class,958.13,79.13,6,0.2
ORD-01464,2024-01-15,Office Supplies,Paper,Central,Texas,Corporate,First Class,54.77,11.22,3,0.2
ORD-01465,2024-03-14,Technology,Copiers,East,New York,Consumer,Standard Class,837.35,289.64,8,0.3
ORD-01466,2022-09-22,Office Supplies,Storage,East,New York,Home Office,First Class,15.14,1.45,1,0.2
ORD-01467,2024-01-03,Office Supplies,Art,South,North Carolina,Corporate,Standard Class,83.01,20.68,5,0.2
ORD-01468,2024-02-11,Furniture,Chairs,West,Washington,Consumer,Standard Class,542.67,39.0,2,0.2
ORD-01469,2023-10-20,Office Supplies,Art,West,Oregon,Consumer,Standard Class,93.87,-4.39,9,0.0
ORD-01470,2024-10-30,Office Supplies,Labels,West,California,Home Office,Standard Class,52.82,9.52,2,0.2
ORD-01471,2024-01-04,Furniture,Chairs,West,Oregon,Corporate,Second Class,246.09,-26.51,2,0.0
ORD-01472,2024-10-12,Office Supplies,Art,East,New Jersey,Home Office,Same Day,90.24,10.74,5,0.3
ORD-01473,2024-08-03,Office Supplies,Paper,South,Georgia,Corporate,Standard Class,164.15,14.39,3,0.2
ORD-01474,2024-10-09,Office Supplies,Binders,West,California,Home Office,Standard Class,37.13,9.92,7,0.0
ORD-01475,2023-09-19,Office Supplies,Binders,South,Georgia,Home Office,Standard Class,47.28,-2.48,9,0.2
ORD-01476,2024-04-29,Technology,Machines,Central,Ohio,Home Office,Standard Class,296.85,61.94,9,0.1
ORD-01477,2022-08-22,Furniture,Tables,Central,Ohio,Consumer,First Class,22.07,-1.13,1,0.1
ORD-01478,2022-04-20,Technology,Machines,South,Florida,Corporate,Second Class,306.37,-45.4,6,0.0
ORD-01479,2024-11-24,Technology,Machines,Central,Texas,Corporate,Standard Class,571.39,-8.79,8,0.2
ORD-01480,2024-12-14,Office Supplies,Paper,Central,Illinois,Corporate,Standard Class,50.03,15.98,6,0.0
ORD-01481,2024-06-09,Office Supplies,Storage,West,Oregon,Consumer,Second Class,38.9,-5.16,4,0.0
ORD-01482,2023-01-06,Furniture,Tables,West,Oregon,Corporate,First Class,909.15,208.69,2,0.0
ORD-01483,2023-07-16,Office Supplies,Binders,West,Oregon,Home Office,Second Class,43.86,1.07,4,0.3
ORD-01484,2022-01-09,Office Supplies,Labels,Central,Texas,Home Office,Same Day,48.06,2.02,9,0.0
ORD-01485,2022-01-17,Office Supplies,Storage,Central,Illinois,Corporate,Standard Class,31.76,-3.75,6,0.1
ORD-01486,2024-04-02,Office Supplies,Labels,East,Pennsylvania,Corporate,First Class,70.76,-2.38,7,0.0
ORD-01487,2022-12-01,Office Supplies,Paper,West,Oregon,Consumer,First Class,60.41,14.77,3,0.0
ORD-01488,2022-05-03,Office Supplies,Binders,South,Georgia,Consumer,Second Class,19.73,3.91,1,0.2
ORD-01489,2023-05-06,Office Supplies,Binders,West,Washington,Corporate,Standard Class,82.59,-6.56,9,0.0
ORD-01490,2022-03-21,Furniture,Tables,East,New Jersey,Corporate,Standard Class,139.18,44.21,3,0.2
ORD-01491,2023-02-24,Office Supplies,Art,West,Oregon,Consumer,First Class,128.59,-2.7,4,0.1
ORD-01492,2023-09-15,Office Supplies,Labels,South,North Carolina,Consumer,Standard Class,12.42,-1.44,5,0.2
ORD-01493,2023-09-30,Office Supplies,Binders,Central,Ohio,Corporate,Standard Class,115.52,13.31,1,0.0
ORD-01494,2022-09-07,Office Supplies,Art,West,Oregon,Consumer,Standard Class,44.83,-4.83,8,0.1
ORD-01495,2022-09-18,Furniture,Furnishings,West,Oregon,Corporate,Standard Class,643.96,8.3,6,0.0
ORD-01496,2024-03-23,Office Supplies,Art,West,California,Home Office,Standard Class,5.76,-0.27,2,0.2
ORD-01497,2024-03-02,Furniture,Chairs,Central,Ohio,Corporate,Second Class,298.59,-3.45,8,0.1
ORD-01498,2024-09-13,Technology,Copiers,South,Florida,Corporate,Standard Class,134.65,-7.01,1,0.0
ORD-01499,2024-05-01,Furniture,Tables,South,North Carolina,Corporate,Standard Class,155.37,22.1,3,0.0
ORD-01500,2023-10-08,Office Supplies,Labels,South,Florida,Home Office,Same Day,34.98,-2.54,3,0.2
ORD-01501,2024-05-07,Furniture,Bookcases,South,Georgia,Consumer,Standard Class,67.49,-9.06,9,0.1
ORD-01502,2022-01-16,Office Supplies,Storage,South,North Carolina,Corporate,First Class,25.86,-2.12,6,0.0
ORD-01503,2024-07-31,Technology,Phones,Central,Texas,Corporate,Standard Class,289.3,-13.88,3,0.0
ORD-01504,2023-12-31,Furniture,Furnishings,West,California,Consumer,Standard Class,180.65,12.92,7,0.0
ORD-01505,2023-06-12,Office Supplies,Storage,West,Washington,Corporate,First Class,146.79,15.52,7,0.3
ORD-01506,2024-11-21,Office Supplies,Art,West,Washington,Home Office,Standard Class,35.78,7.96,6,0.3
ORD-01507,2024-12-06,Technology,Phones,West,Oregon,Home Office,Standard Class,733.43,237.19,7,0.2
ORD-01508,2022-11-19,Technology,Machines,Central,Texas,Home Office,Standard Class,333.26,13.32,1,0.1
ORD-01509,2023-08-01,Office Supplies,Labels,West,Washington,Home Office,Standard Class,11.23,0.79,9,0.0
ORD-01510,2024-12-13,Technology,Accessories,Central,Ohio,Corporate,Standard Class,764.85,257.1,2,0.2
ORD-01511,2022-09-12,Furniture,Bookcases,East,New York,Home Office,Standard Class,248.92,-32.7,3,0.2
ORD-01512,2022-02-07,Technology,Accessories,West,Washington,Home Office,Standard Class,624.87,-86.44,9,0.2
ORD-01513,2023-12-13,Furniture,Chairs,South,Florida,Corporate,Standard Class,232.15,-28.63,9,0.0
ORD-01514,2022-05-27,Furniture,Bookcases,South,Georgia,Corporate,Standard Class,342.5,43.27,8,0.0
ORD-01515,2024-10-02,Technology,Copiers,East,Pennsylvania,Consumer,Standard Class,199.9,-1.11,5,0.3
ORD-01516,2024-12-06,Technology,Accessories,South,Georgia,Home Office,First Class,1089.24,370.23,4,0.2
ORD-01517,2024-10-09,Office Supplies,Binders,East,New York,Home Office,Standard Class,89.45,22.3,3,0.1
ORD-01518,2024-08-14,Furniture,Furnishings,South,Florida,Consumer,Standard Class,465.17,154.21,9,0.0
ORD-01519,2024-01-14,Technology,Copiers,South,North Carolina,Home Office,Second Class,324.09,98.61,2,0.0
ORD-01520,2023-01-01,Technology,Copiers,East,New York,Consumer,Standard Class,480.54,29.51,3,0.0
ORD-01521,2023-01-27,Office Supplies,Storage,West,Oregon,Home Office,First Class,27.56,9.34,9,0.2
ORD-01522,2022-03-23,Technology,Machines,West,Washington,Consumer,Standard Class,188.46,12.5,8,0.0
ORD-01523,2024-02-18,Office Supplies,Art,Central,Illinois,Consumer,Standard Class,70.46,4.92,8,0.3
ORD-01524,2024-10-26,Office Supplies,Paper,East,New York,Corporate,Standard Class,84.46,-5.03,3,0.0
ORD-01525,2023-09-21,Office Supplies,Binders,South,Florida,Corporate,First Class,68.55,12.72,9,0.3
ORD-01526,2023-04-26,Office Supplies,Art,West,Oregon,Corporate,Standard Class,41.15,9.85,7,0.2
ORD-01527,2024-03-18,Technology,Phones,Central,Illinois,Consumer,Same Day,409.48,79.7,9,0.0
ORD-01528,2022-02-21,Furniture,Furnishings,Central,Illinois,Corporate,Standard Class,460.47,63.27,9,0.1
ORD-01529,2022-01-03,Technology,Accessories,Central,Illinois,Corporate,Standard Class,377.01,-49.36,1,0.0
ORD-01530,2024-07-10,Technology,Copiers,South,North Carolina,Consumer,Second Class,688.25,-82.58,1,0.2
ORD-01531,2023-07-17,Technology,Accessories,South,North Carolina,Consumer,Standard Class,475.37,9.21,6,0.0
ORD-01532,2024-05-06,Furniture,Chairs,South,Georgia,Home Office,Standard Class,97.08,16.18,4,0.0
ORD-01533,2023-03-13,Furniture,Tables,Central,Illinois,Consumer,First Class,101.13,26.56,2,0.2
ORD-01534,2023-04-07,Office Supplies,Paper,West,California,Consumer,First Class,12.95,1.06,2,0.2
ORD-01535,2022-07-20,Technology,Machines,South,North Carolina,Corporate,Standard Class,706.3,153.97,1,0.2
ORD-01536,2022-06-28,Office Supplies,Binders,West,Oregon,Corporate,Standard Class,23.65,6.89,7,0.0
ORD-01537,2023-07-30,Office Supplies,Paper,East,New York,Consumer,Standard Class,136.33,-7.24,5,0.0
ORD-01538,2022-04-10,Office Supplies,Storage,South,Georgia,Corporate,Standard Class,116.42,23.5,9,0.2
ORD-01539,2023-03-01,Office Supplies,Art,South,Florida,Corporate,Standard Class,31.25,9.21,5,0.0
ORD-01540,2022-07-29,Office Supplies,Art,Central,Illinois,Consumer,Second Class,5.0,-0.44,2,0.1
ORD-01541,2023-11-01,Furniture,Chairs,South,Georgia,Corporate,Standard Class,378.89,9.34,6,0.1
ORD-01542,2022-02-15,Office Supplies,Art,East,New Jersey,Consumer,Standard Class,44.53,-2.68,1,0.0
ORD-01543,2022-04-05,Office Supplies,Binders,West,California,Corporate,Standard Class,73.78,8.46,2,0.1
ORD-01544,2022-06-29,Office Supplies,Storage,South,Georgia,Corporate,Standard Class,16.94,0.08,5,0.0
ORD-01545,2023-09-04,Office Supplies,Art,West,California,Consumer,Standard Class,119.47,23.95,6,0.0
ORD-01546,2024-11-07,Office Supplies,Storage,South,Florida,Home Office,Standard Class,76.99,-0.25,2,0.0
ORD-01547,2023-07-02,Office Supplies,Binders,Central,Ohio,Consumer,Standard Class,10.8,2.0,6,0.0
ORD-01548,2022-10-29,Technology,Machines,South,Florida,Consumer,Standard Class,598.81,-2.73,2,0.1
ORD-01549,2022-04-13,Office Supplies,Labels,Central,Illinois,Corporate,Standard Class,11.11,0.06,7,0.0
ORD-01550,2022-07-07,Office Supplies,Art,East,New Jersey,Corporate,Second Class,106.83,25.9,1,0.0
ORD-01551,2022-12-26,Office Supplies,Storage,Central,Texas,Consumer,Standard Class,39.46,-1.49,8,0.1
ORD-01552,2023-08-03,Office Supplies,Art,Central,Ohio,Corporate,Standard Class,60.9,19.08,3,0.1
ORD-01553,2023-01-05,Office Supplies,Paper,West,Oregon,Consumer,Second Class,109.38,-4.8,7,0.1
ORD-01554,2023-06-13,Technology,Copiers,Central,Texas,Home Office,Second Class,415.24,39.99,2,0.0
ORD-01555,2023-01-30,Office Supplies,Labels,East,New Jersey,Corporate,Standard Class,67.31,-6.18,1,0.0
ORD-01556,2023-04-08,Office Supplies,Storage,Central,Illinois,Consumer,First Class,88.12,-5.39,5,0.0
ORD-01557,2023-03-14,Office Supplies,Art,Central,Texas,Consumer,Second Class,48.6,-4.65,4,0.1
ORD-01558,2023-06-14,Technology,Accessories,East,New Jersey,Corporate,Standard Class,841.11,192.85,6,0.1
ORD-01559,2022-11-02,Office Supplies,Paper,East,New Jersey,Corporate,Same Day,68.67,2.85,9,0.0
ORD-01560,2023-06-07,Technology,Machines,West,California,Consumer,First Class,526.74,117.69,6,0.2
ORD-01561,2024-12-20,Office Supplies,Storage,West,Washington,Consumer,Standard Class,109.08,32.5,6,0.0
ORD-01562,2023-03-31,Technology,Accessories,East,New York,Consumer,Standard Class,377.03,69.12,6,0.1
ORD-01563,2023-11-26,Technology,Copiers,Central,Texas,Consumer,Second Class,218.9,8.75,4,0.0
ORD-01564,2024-09-07,Office Supplies,Storage,South,North Carolina,Consumer,Standard Class,33.29,11.04,9,0.1
ORD-01565,2024-09-19,Furniture,Tables,Central,Illinois,Corporate,Second Class,731.09,-15.64,9,0.1
ORD-01566,2023-01-06,Office Supplies,Labels,East,New Jersey,Home Office,Standard Class,35.67,6.21,6,0.0
ORD-01567,2024-04-08,Furniture,Tables,Central,Illinois,Home Office,First Class,124.09,32.69,2,0.1
ORD-01568,2023-07-25,Technology,Copiers,Central,Texas,Home Office,Second Class,161.95,-22.61,8,0.0
ORD-01569,2022-08-15,Office Supplies,Paper,East,New Jersey,Corporate,Second Class,36.93,9.89,3,0.2
ORD-01570,2022-05-10,Office Supplies,Paper,Central,Illinois,Home Office,Standard Class,44.14,8.88,1,0.1
ORD-01571,2022-05-24,Technology,Machines,West,Washington,Home Office,First Class,973.98,307.04,4,0.0
ORD-01572,2024-06-25,Office Supplies,Labels,Central,Ohio,Home Office,Second Class,30.61,7.38,3,0.0
ORD-01573,2023-07-30,Office Supplies,Paper,Central,Illinois,Home Office,Standard Class,284.42,-34.76,9,0.2
ORD-01574,2024-09-16,Technology,Phones,West,Washington,Corporate,Same Day,397.33,5.63,2,0.2
ORD-01575,2022-04-25,Technology,Machines,South,Georgia,Home Office,Second Class,481.65,3.41,2,0.1
ORD-01576,2022-01-25,Technology,Machines,East,New York,Home Office,Standard Class,382.74,114.94,6,0.1
ORD-01577,2024-11-07,Furniture,Chairs,East,Pennsylvania,Home Office,Standard Class,749.23,-38.46,4,0.3
ORD-01578,2024-11-02,Technology,Accessories,South,Georgia,Home Office,Standard Class,235.47,-12.57,7,0.1
ORD-01579,2023-09-13,Furniture,Tables,South,North Carolina,Corporate,Standard Class,424.82,95.29,8,0.1
ORD-01580,2023-05-05,Office Supplies,Binders,South,Georgia,Home Office,Standard Class,66.22,11.55,2,0.2
ORD-01581,2023-09-11,Office Supplies,Paper,South,Georgia,Corporate,Standard Class,136.13,-8.25,2,0.2
ORD-01582,2024-12-22,Office Supplies,Binders,West,Oregon,Corporate,Standard Class,32.7,4.9,7,0.0
ORD-01583,2023-01-05,Furniture,Tables,East,Pennsylvania,Consumer,First Class,344.47,60.53,9,0.0
ORD-01584,2023-09-20,Office Supplies,Storage,Central,Illinois,Corporate,Standard Class,77.53,-11.16,1,0.1
ORD-01585,2022-09-09,Office Supplies,Binders,West,California,Corporate,Standard Class,61.67,3.97,8,0.3
ORD-01586,2024-05-24,Office Supplies,Art,South,Georgia,Corporate,Second Class,72.17,13.43,9,0.1
ORD-01587,2023-06-24,Furniture,Furnishings,East,Pennsylvania,Corporate,Standard Class,501.69,117.64,8,0.0
ORD-01588,2024-03-26,Technology,Phones,East,Pennsylvania,Home Office,Standard Class,383.7,-50.96,6,0.1
ORD-01589,2023-12-29,Technology,Accessories,West,Washington,Home Office,Standard Class,394.37,82.23,7,0.1
ORD-01590,2022-07-26,Furniture,Bookcases,South,North Carolina,Home Office,First Class,307.74,20.41,1,0.0
ORD-01591,2024-12-08,Technology,Machines,South,Florida,Corporate,Second Class,830.23,279.25,7,0.1
ORD-01592,2022-01-17,Office Supplies,Paper,Central,Illinois,Home Office,Standard Class,99.79,31.7,8,0.0
ORD-01593,2022-10-28,Office Supplies,Binders,East,Pennsylvania,Consumer,Same Day,116.77,34.89,7,0.0
ORD-01594,2022-04-06,Office Supplies,Storage,South,North Carolina,Home Office,Second Class,49.42,16.25,6,0.0
ORD-01595,2024-03-04,Furniture,Bookcases,West,California,Home Office,Standard Class,179.04,44.35,2,0.0
ORD-01596,2023-08-08,Furniture,Bookcases,Central,Illinois,Corporate,Standard Class,141.95,30.47,4,0.1
ORD-01597,2023-09-16,Office Supplies,Binders,East,New Jersey,Home Office,Second Class,23.38,7.75,7,0.1
ORD-01598,2024-11-28,Technology,Accessories,South,North Carolina,Consumer,Standard Class,206.0,29.26,3,0.1
ORD-01599,2023-03-04,Office Supplies,Art,South,Georgia,Corporate,First Class,58.2,-0.15,6,0.1
ORD-01600,2024-02-06,Furniture,Bookcases,East,New York,Corporate,Standard Class,630.46,173.61,5,0.3
ORD-01601,2023-07-11,Office Supplies,Paper,Central,Texas,Consumer,Standard Class,77.48,9.62,5,0.1
ORD-01602,2022-05-23,Office Supplies,Paper,Central,Illinois,Home Office,Standard Class,129.62,-19.06,4,0.0
ORD-01603,2022-11-30,Technology,Accessories,South,North Carolina,Home Office,Second Class,1571.62,-144.7,6,0.1
ORD-01604,2024-12-29,Office Supplies,Binders,East,Pennsylvania,Corporate,First Class,28.6,5.17,8,0.2
ORD-01605,2022-11-06,Office Supplies,Art,Central,Texas,Corporate,Standard Class,102.1,34.58,9,0.0
ORD-01606,2024-11-21,Furniture,Bookcases,East,Pennsylvania,Corporate,Standard Class,893.38,-72.78,9,0.1
ORD-01607,2022-11-13,Furniture,Furnishings,East,Pennsylvania,Consumer,Standard Class,923.86,193.9,8,0.3
ORD-01608,2022-08-11,Furniture,Tables,Central,Texas,Home Office,Second Class,421.18,-63.09,4,0.0
ORD-01609,2024-04-23,Office Supplies,Labels,East,New York,Corporate,Standard Class,53.37,16.44,9,0.2
ORD-01610,2023-03-24,Technology,Accessories,South,Florida,Home Office,Standard Class,213.9,-22.5,3,0.3
ORD-01611,2024-08-04,Technology,Machines,South,Georgia,Consumer,Second Class,658.37,174.95,8,0.0
ORD-01612,2023-03-11,Office Supplies,Art,Central,Illinois,Home Office,Standard Class,5.0,-0.12,3,0.2
ORD-01613,2024-07-18,Office Supplies,Art,East,Pennsylvania,Home Office,First Class,46.32,0.71,4,0.0
ORD-01614,2024-09-19,Office Supplies,Binders,South,North Carolina,Home Office,Standard Class,40.84,10.82,6,0.0
ORD-01615,2022-09-02,Office Supplies,Art,South,North Carolina,Home Office,Standard Class,54.42,-7.18,6,0.0
ORD-01616,2023-08-26,Technology,Accessories,South,North Carolina,Corporate,Standard Class,736.83,-2.05,5,0.1
ORD-01617,2024-06-13,Technology,Phones,South,Georgia,Home Office,Standard Class,250.01,66.56,7,0.3
ORD-01618,2022-01-06,Furniture,Bookcases,Central,Illinois,Home Office,Standard Class,46.62,15.74,6,0.2
ORD-01619,2024-08-03,Furniture,Bookcases,Central,Texas,Consumer,Standard Class,159.83,-8.92,5,0.0
ORD-01620,2024-11-05,Office Supplies,Paper,Central,Texas,Consumer,Standard Class,53.13,7.08,2,0.2
ORD-01621,2022-10-04,Office Supplies,Binders,West,California,Home Office,Standard Class,21.47,-1.91,1,0.1
ORD-01622,2023-06-27,Office Supplies,Storage,West,Washington,Corporate,Standard Class,63.23,7.5,2,0.0
ORD-01623,2022-07-13,Furniture,Tables,Central,Ohio,Home Office,Standard Class,581.44,90.63,1,0.1
ORD-01624,2024-12-02,Furniture,Chairs,Central,Illinois,Corporate,Second Class,653.24,-30.52,7,0.0
ORD-01625,2022-03-30,Office Supplies,Labels,South,North Carolina,Home Office,Standard Class,65.37,8.68,5,0.0
ORD-01626,2024-06-18,Office Supplies,Storage,West,Oregon,Home Office,Standard Class,16.03,2.86,3,0.1
ORD-01627,2024-07-17,Office Supplies,Storage,South,North Carolina,Corporate,Second Class,14.54,3.24,9,0.1
ORD-01628,2022-05-06,Office Supplies,Binders,South,Georgia,Corporate,Standard Class,27.17,1.81,7,0.1
ORD-01629,2023-06-12,Office Supplies,Paper,West,Washington,Corporate,Standard Class,61.08,15.74,1,0.0
ORD-01630,2023-07-11,Office Supplies,Paper,South,Georgia,Consumer,Standard Class,13.37,3.31,6,0.0
ORD-01631,2022-07-13,Technology,Accessories,South,North Carolina,Consumer,Standard Class,1168.01,349.1,3,0.1
ORD-01632,2023-09-02,Furniture,Bookcases,East,New Jersey,Consumer,Second Class,308.8,38.59,8,0.2
ORD-01633,2022-05-24,Office Supplies,Paper,South,North Carolina,Corporate,Standard Class,22.17,-1.35,3,0.2
ORD-01634,2024-04-16,Technology,Phones,Central,Illinois,Consumer,Standard Class,621.09,92.04,9,0.1
ORD-01635,2024-03-15,Office Supplies,Paper,West,Oregon,Consumer,Standard Class,7.95,2.06,1,0.2
ORD-01636,2023-05-30,Furniture,Tables,East,Pennsylvania,Corporate,Standard Class,98.41,-14.41,7,0.0
ORD-01637,2024-07-06,Technology,Phones,West,California,Corporate,Standard Class,589.02,-9.51,8,0.0
ORD-01638,2022-10-03,Furniture,Chairs,East,New Jersey,Consumer,Standard Class,182.6,25.85,2,0.0
ORD-01639,2023-10-19,Furniture,Furnishings,West,California,Corporate,Second Class,430.83,146.58,9,0.0
ORD-01640,2024-12-22,Furniture,Furnishings,Central,Illinois,Home Office,Standard Class,244.02,9.62,3,0.1
ORD-01641,2023-03-15,Furniture,Bookcases,South,Florida,Corporate,Standard Class,564.37,97.24,2,0.0
ORD-01642,2023-03-15,Technology,Copiers,East,Pennsylvania,Corporate,Standard Class,133.89,30.6,7,0.0
ORD-01643,2024-06-22,Technology,Machines,Central,Illinois,Consumer,Second Class,379.12,124.59,8,0.2
ORD-01644,2023-03-24,Technology,Phones,Central,Illinois,Consumer,Standard Class,386.71,131.96,4,0.1
ORD-01645,2022-06-02,Technology,Copiers,West,California,Consumer,Standard Class,131.36,5.79,3,0.0
ORD-01646,2024-02-14,Furniture,Furnishings,South,North Carolina,Home Office,Standard Class,225.53,53.97,9,0.0
ORD-01647,2023-05-30,Office Supplies,Labels,West,California,Consumer,Standard Class,48.02,-3.63,1,0.2
ORD-01648,2024-11-29,Office Supplies,Binders,East,New York,Home Office,Standard Class,26.17,-3.8,6,0.0
ORD-01649,2024-10-20,Office Supplies,Storage,Central,Illinois,Home Office,Standard Class,42.44,10.87,9,0.2
ORD-01650,2022-10-29,Office Supplies,Art,South,Florida,Consumer,Standard Class,60.41,9.37,2,0.0
ORD-01651,2023-04-19,Furniture,Chairs,West,Washington,Home Office,First Class,505.48,99.85,1,0.0
ORD-01652,2024-08-12,Technology,Accessories,East,New York,Home Office,First Class,597.94,57.71,1,0.1
ORD-01653,2022-06-09,Office Supplies,Art,East,Pennsylvania,Consumer,Standard Class,14.85,3.66,1,0.2
ORD-01654,2024-12-25,Office Supplies,Paper,Central,Illinois,Corporate,Same Day,64.17,-4.69,8,0.0
ORD-01655,2023-06-10,Office Supplies,Binders,West,California,Home Office,Second Class,57.58,8.7,9,0.2
ORD-01656,2023-04-26,Technology,Machines,South,Florida,Consumer,Second Class,160.82,-16.28,2,0.1
ORD-01657,2024-06-30,Office Supplies,Storage,West,California,Home Office,Standard Class,61.54,-1.07,4,0.0
ORD-01658,2024-12-03,Office Supplies,Labels,East,New York,Corporate,First Class,30.67,-1.8,5,0.2
ORD-01659,2022-01-18,Technology,Machines,East,New York,Home Office,Same Day,256.18,56.08,1,0.0
ORD-01660,2024-05-21,Office Supplies,Storage,Central,Texas,Corporate,Standard Class,48.55,12.88,6,0.1
ORD-01661,2024-08-23,Office Supplies,Paper,South,Florida,Corporate,Second Class,152.16,14.01,9,0.3
ORD-01662,2024-08-26,Office Supplies,Labels,West,California,Home Office,Standard Class,28.27,-1.78,2,0.0
ORD-01663,2023-10-04,Office Supplies,Labels,East,Pennsylvania,Home Office,Standard Class,184.55,38.74,7,0.0
ORD-01664,2023-11-04,Furniture,Furnishings,West,Washington,Home Office,Standard Class,343.46,-44.12,3,0.1
ORD-01665,2024-09-18,Technology,Phones,West,Oregon,Consumer,Standard Class,384.46,-28.51,9,0.2
ORD-01666,2023-06-26,Technology,Phones,East,New York,Corporate,Standard Class,290.6,25.22,5,0.3
ORD-01667,2022-09-10,Office Supplies,Art,South,North Carolina,Corporate,Second Class,67.62,-8.12,6,0.0
ORD-01668,2024-09-10,Furniture,Bookcases,East,New York,Home Office,Second Class,364.16,86.41,8,0.0
ORD-01669,2023-10-09,Furniture,Chairs,East,Pennsylvania,Home Office,Second Class,389.31,46.01,4,0.2
ORD-01670,2022-08-28,Technology,Copiers,West,Washington,Consumer,Standard Class,162.34,51.2,6,0.2
ORD-01671,2023-04-19,Office Supplies,Binders,East,New Jersey,Corporate,Standard Class,30.71,2.04,6,0.1
ORD-01672,2023-05-06,Office Supplies,Binders,South,Georgia,Consumer,Standard Class,35.55,-3.08,5,0.0
ORD-01673,2024-01-05,Office Supplies,Labels,East,New Jersey,Consumer,First Class,45.01,-3.08,2,0.0
ORD-01674,2024-05-21,Office Supplies,Paper,South,North Carolina,Consumer,Standard Class,114.01,-0.82,4,0.2
ORD-01675,2022-06-14,Technology,Accessories,East,New Jersey,Corporate,Standard Class,274.27,36.66,3,0.0
ORD-01676,2022-02-12,Technology,Copiers,South,North Carolina,Corporate,Standard Class,185.37,8.54,6,0.1
ORD-01677,2023-04-27,Furniture,Chairs,East,New Jersey,Corporate,Standard Class,126.79,-7.88,2,0.1
ORD-01678,2023-08-13,Office Supplies,Binders,South,Georgia,Corporate,Standard Class,19.67,-1.35,8,0.2
ORD-01679,2023-07-26,Office Supplies,Labels,East,New York,Consumer,Second Class,99.2,-1.61,3,0.2
ORD-01680,2024-03-29,Office Supplies,Storage,East,New York,Consumer,Standard Class,30.49,-1.01,8,0.1
ORD-01681,2024-06-30,Office Supplies,Binders,West,California,Corporate,Standard Class,32.62,-4.74,2,0.2
ORD-01682,2023-08-23,Technology,Copiers,Central,Texas,Corporate,Standard Class,471.02,119.87,4,0.1
ORD-01683,2024-03-01,Office Supplies,Art,West,Oregon,Home Office,Standard Class,93.36,-6.91,3,0.0
ORD-01684,2023-05-05,Furniture,Chairs,East,New Jersey,Home Office,Standard Class,187.6,-1.94,6,0.3
ORD-01685,2022-08-20,Furniture,Chairs,South,Florida,Home Office,Standard Class,267.71,24.29,1,0.2
ORD-01686,2022-08-04,Office Supplies,Art,Central,Illinois,Home Office,Standard Class,82.02,3.82,4,0.3
ORD-01687,2022-04-30,Furniture,Furnishings,East,Pennsylvania,Consumer,Standard Class,302.87,95.58,6,0.1
ORD-01688,2023-08-21,Office Supplies,Paper,East,New York,Corporate,First Class,51.95,-2.31,9,0.0
ORD-01689,2022-04-15,Office Supplies,Storage,South,North Carolina,Home Office,Standard Class,42.04,-0.76,9,0.2
ORD-01690,2023-10-12,Office Supplies,Binders,East,Pennsylvania,Home Office,Second Class,35.06,-4.24,9,0.0
ORD-01691,2023-03-21,Technology,Machines,South,Florida,Home Office,Second Class,821.93,187.88,3,0.0
ORD-01692,2022-12-31,Technology,Phones,Central,Texas,Consumer,Standard Class,195.9,44.59,7,0.2
ORD-01693,2024-03-22,Technology,Phones,Central,Ohio,Consumer,Standard Class,391.16,32.98,7,0.1
ORD-01694,2023-09-19,Technology,Copiers,East,Pennsylvania,Consumer,Second Class,523.88,-37.46,9,0.1
ORD-01695,2022-06-01,Furniture,Furnishings,South,Georgia,Consumer,Standard Class,145.12,14.07,6,0.0
ORD-01696,2022-01-16,Technology,Copiers,East,New Jersey,Consumer,Second Class,958.49,305.14,8,0.1
ORD-01697,2023-10-01,Technology,Copiers,South,Florida,Corporate,Standard Class,166.42,47.96,8,0.2
ORD-01698,2022-08-04,Technology,Accessories,Central,Illinois,Corporate,First Class,559.07,63.12,1,0.2
ORD-01699,2023-06-15,Office Supplies,Paper,Central,Ohio,Consumer,Standard Class,83.71,11.66,4,0.2
ORD-01700,2022-04-13,Office Supplies,Art,West,Washington,Consumer,First Class,102.79,29.89,3,0.1
ORD-01701,2024-10-11,Office Supplies,Art,Central,Illinois,Home Office,Second Class,93.12,24.36,7,0.2
ORD-01702,2023-01-29,Furniture,Bookcases,East,New York,Corporate,Second Class,210.31,65.27,5,0.0
ORD-01703,2023-12-08,Office Supplies,Art,East,New York,Home Office,Standard Class,31.07,8.48,1,0.0
ORD-01704,2024-06-03,Furniture,Chairs,East,Pennsylvania,Consumer,Standard Class,999.42,75.26,3,0.2
ORD-01705,2022-09-05,Office Supplies,Labels,South,Florida,Consumer,Standard Class,37.68,12.97,9,0.2
ORD-01706,2023-01-02,Technology,Phones,Central,Texas,Home Office,Standard Class,720.72,74.16,1,0.0
ORD-01707,2023-12-24,Furniture,Bookcases,Central,Illinois,Home Office,First Class,311.52,25.03,6,0.3
ORD-01708,2024-04-03,Technology,Phones,South,Georgia,Consumer,Second Class,75.27,26.15,4,0.1
ORD-01709,2022-11-24,Office Supplies,Storage,Central,Illinois,Corporate,First Class,118.67,34.59,8,0.2
ORD-01710,2024-06-27,Office Supplies,Art,East,New York,Corporate,Second Class,44.5,7.33,3,0.0
ORD-01711,2024-03-31,Technology,Machines,West,Washington,Corporate,Second Class,242.92,-34.84,6,0.2
ORD-01712,2022-04-07,Technology,Machines,East,Pennsylvania,Corporate,First Class,890.39,59.11,6,0.0
ORD-01713,2023-11-30,Technology,Copiers,East,New Jersey,Home Office,Standard Class,60.9,-5.86,1,0.2
ORD-01714,2024-07-12,Furniture,Chairs,East,New Jersey,Home Office,Standard Class,243.17,-7.26,8,0.0
ORD-01715,2022-05-27,Technology,Phones,Central,Illinois,Consumer,Standard Class,623.08,49.59,6,0.0
ORD-01716,2023-08-11,Furniture,Chairs,East,New York,Corporate,Standard Class,190.49,35.08,2,0.1
ORD-01717,2022-11-23,Furniture,Bookcases,East,Pennsylvania,Consumer,Standard Class,100.07,3.41,9,0.2
ORD-01718,2023-07-23,Furniture,Chairs,West,California,Consumer,Standard Class,164.11,36.19,7,0.1
ORD-01719,2023-01-31,Technology,Copiers,South,Florida,Home Office,Standard Class,620.33,90.78,9,0.0
ORD-01720,2022-05-26,Furniture,Chairs,West,Oregon,Home Office,Second Class,323.56,-20.68,4,0.0
ORD-01721,2024-06-26,Office Supplies,Paper,West,California,Consumer,Standard Class,22.56,2.93,1,0.2
ORD-01722,2023-07-08,Office Supplies,Labels,Central,Illinois,Consumer,Second Class,20.41,4.92,3,0.1
ORD-01723,2023-11-24,Furniture,Tables,Central,Illinois,Consumer,First Class,395.62,-41.58,4,0.0
ORD-01724,2022-01-17,Office Supplies,Storage,South,Georgia,Consumer,Same Day,18.73,5.66,7,0.1
ORD-01725,2022-02-21,Furniture,Bookcases,East,Pennsylvania,Corporate,Standard Class,328.64,19.67,9,0.2
ORD-01726,2024-05-15,Technology,Accessories,South,North Carolina,Consumer,Standard Class,728.46,231.14,8,0.0
ORD-01727,2023-06-25,Technology,Copiers,Central,Illinois,Home Office,First Class,278.64,66.84,1,0.1
ORD-01728,2022-07-23,Furniture,Tables,South,Florida,Home Office,Standard Class,839.44,-0.86,7,0.3
ORD-01729,2023-11-20,Furniture,Chairs,East,New Jersey,Home Office,Same Day,372.58,103.28,9,0.1
ORD-01730,2022-03-24,Office Supplies,Storage,South,Georgia,Consumer,Second Class,56.96,-4.11,1,0.1
ORD-01731,2024-04-04,Office Supplies,Binders,East,New York,Home Office,Second Class,30.5,0.31,9,0.3
ORD-01732,2023-01-22,Technology,Accessories,Central,Texas,Home Office,Standard Class,1146.5,-47.0,6,0.0
ORD-01733,2022-10-20,Office Supplies,Art,East,New Jersey,Corporate,Second Class,97.03,30.15,5,0.0
ORD-01734,2022-12-20,Office Supplies,Art,South,Georgia,Consumer,First Class,60.84,-7.59,3,0.0
ORD-01735,2024-04-07,Office Supplies,Art,West,Oregon,Corporate,Standard Class,51.51,11.98,1,0.1
ORD-01736,2022-07-05,Furniture,Furnishings,West,California,Corporate,Standard Class,334.95,15.76,5,0.0
ORD-01737,2024-04-22,Technology,Phones,West,Washington,Home Office,Standard Class,191.26,42.06,7,0.2
ORD-01738,2022-03-12,Office Supplies,Paper,Central,Illinois,Consumer,Standard Class,74.41,22.34,7,0.0
ORD-01739,2024-01-29,Technology,Accessories,West,Washington,Home Office,First Class,153.04,-8.79,7,0.2
ORD-01740,2022-12-05,Office Supplies,Paper,South,Florida,Consumer,Standard Class,110.56,4.02,9,0.0
ORD-01741,2022-09-20,Technology,Accessories,East,Pennsylvania,Consumer,Standard Class,253.03,-4.82,4,0.1
ORD-01742,2024-02-28,Technology,Phones,Central,Illinois,Consumer,Standard Class,227.08,43.13,2,0.0
ORD-01743,2024-07-24,Furniture,Tables,Central,Texas,Home Office,First Class,554.7,-47.06,7,0.0
ORD-01744,2023-06-13,Technology,Copiers,East,New Jersey,Consumer,First Class,457.82,-14.38,5,0.1
ORD-01745,2023-12-27,Office Supplies,Art,South,North Carolina,Consumer,Standard Class,47.99,2.44,1,0.0
ORD-01746,2023-05-06,Office Supplies,Art,East,New York,Consumer,Standard Class,103.2,-13.35,6,0.0
ORD-01747,2024-04-23,Office Supplies,Art,South,North Carolina,Home Office,Same Day,73.45,-0.67,2,0.3
ORD-01748,2022-04-23,Office Supplies,Art,East,Pennsylvania,Consumer,Second Class,57.29,-3.13,3,0.0
ORD-01749,2022-04-08,Furniture,Tables,Central,Texas,Home Office,Second Class,412.91,124.93,3,0.0
ORD-01750,2024-06-18,Office Supplies,Storage,Central,Texas,Consumer,Standard Class,83.9,1.25,6,0.0
ORD-01751,2022-12-27,Office Supplies,Labels,Central,Texas,Consumer,Standard Class,114.62,-0.26,4,0.2
ORD-01752,2022-04-02,Office Supplies,Art,South,North Carolina,Home Office,First Class,47.95,10.46,3,0.0
ORD-01753,2023-12-02,Furniture,Furnishings,West,Oregon,Consumer,Standard Class,159.21,22.61,4,0.0
ORD-01754,2023-10-25,Office Supplies,Binders,Central,Ohio,Consumer,Second Class,52.13,7.94,2,0.0
ORD-01755,2024-10-17,Office Supplies,Art,Central,Ohio,Consumer,Standard Class,85.75,7.97,3,0.1
ORD-01756,2022-03-15,Furniture,Tables,West,Oregon,Corporate,Standard Class,238.8,-0.63,3,0.2
ORD-01757,2023-12-14,Office Supplies,Paper,South,Georgia,Corporate,Standard Class,73.39,16.5,4,0.0
ORD-01758,2023-04-22,Office Supplies,Binders,Central,Illinois,Home Office,Standard Class,25.51,-3.49,3,0.1
ORD-01759,2022-01-11,Technology,Copiers,West,Washington,Corporate,Same Day,561.76,76.59,3,0.0
ORD-01760,2022-09-12,Office Supplies,Paper,South,North Carolina,Consumer,Second Class,95.87,6.7,7,0.2
ORD-01761,2022-10-29,Office Supplies,Storage,Central,Ohio,Consumer,Second Class,25.24,5.35,7,0.0
ORD-01762,2023-05-15,Technology,Machines,Central,Ohio,Home Office,Second Class,595.25,-88.69,7,0.0
ORD-01763,2024-07-10,Office Supplies,Art,East,New York,Home Office,Standard Class,34.65,-0.6,9,0.2
ORD-01764,2022-01-21,Technology,Accessories,West,Oregon,Corporate,Second Class,469.29,145.89,8,0.0
ORD-01765,2024-01-23,Technology,Machines,Central,Illinois,Home Office,First Class,1182.46,266.44,9,0.0
ORD-01766,2023-09-04,Office Supplies,Paper,South,Florida,Home Office,First Class,45.65,2.01,2,0.3
ORD-01767,2022-03-24,Technology,Copiers,East,New York,Consumer,Standard Class,738.29,140.9,3,0.1
ORD-01768,2022-07-26,Furniture,Tables,Central,Illinois,Consumer,Standard Class,308.52,93.62,8,0.0
ORD-01769,2022-11-13,Office Supplies,Storage,East,Pennsylvania,Home Office,Second Class,109.26,21.89,1,0.0
ORD-01770,2024-10-17,Technology,Copiers,South,North Carolina,Consumer,Standard Class,188.61,49.24,7,0.2
ORD-01771,2022-07-19,Furniture,Bookcases,Central,Illinois,Home Office,Standard Class,469.08,31.28,2,0.3
ORD-01772,2024-01-31,Office Supplies,Paper,South,Georgia,Home Office,First Class,23.43,-2.57,8,0.0
ORD-01773,2024-08-20,Technology,Copiers,West,Washington,Corporate,Standard Class,161.87,53.39,7,0.1
ORD-01774,2023-05-23,Furniture,Bookcases,West,Washington,Consumer,First Class,292.83,52.93,9,0.0
ORD-01775,2022-05-11,Technology,Phones,East,New York,Consumer,Standard Class,542.87,100.19,1,0.0
ORD-01776,2024-08-09,Technology,Machines,South,North Carolina,Home Office,Second Class,486.83,-6.96,8,0.0
ORD-01777,2024-05-11,Furniture,Furnishings,East,New Jersey,Consumer,Standard Class,794.15,5.98,4,0.3
ORD-01778,2023-08-23,Furniture,Tables,East,Pennsylvania,Home Office,Second Class,24.75,2.34,9,0.2
ORD-01779,2023-07-12,Office Supplies,Paper,Central,Ohio,Consumer,Second Class,109.46,25.84,2,0.0
ORD-01780,2022-06-15,Technology,Accessories,West,Washington,Home Office,First Class,2226.8,384.22,3,0.1
ORD-01781,2022-03-20,Office Supplies,Storage,East,Pennsylvania,Home Office,Standard Class,44.43,-4.08,9,0.0
ORD-01782,2023-05-17,Technology,Accessories,East,New Jersey,Corporate,Same Day,536.56,71.33,7,0.1
ORD-01783,2022-01-09,Office Supplies,Art,Central,Ohio,Home Office,Standard Class,27.33,0.73,1,0.0
ORD-01784,2022-07-03,Technology,Phones,East,New Jersey,Corporate,First Class,18.76,5.62,6,0.2
ORD-01785,2022-12-11,Technology,Machines,West,Washington,Consumer,Standard Class,526.46,54.35,3,0.0
ORD-01786,2023-08-01,Technology,Accessories,West,Oregon,Corporate,Standard Class,473.0,30.58,8,0.3
ORD-01787,2022-04-14,Technology,Machines,South,North Carolina,Consumer,Standard Class,595.41,33.32,5,0.0
ORD-01788,2022-12-26,Technology,Copiers,South,Florida,Home Office,Standard Class,662.89,192.63,8,0.0
ORD-01789,2023-03-24,Office Supplies,Art,South,North Carolina,Consumer,First Class,18.28,3.3,9,0.0
ORD-01790,2024-08-02,Furniture,Chairs,Central,Ohio,Consumer,Standard Class,502.24,137.45,8,0.1
ORD-01791,2023-09-10,Furniture,Chairs,Central,Ohio,Home Office,Standard Class,394.16,75.34,7,0.2
ORD-01792,2023-06-19,Technology,Copiers,East,Pennsylvania,Consumer,Standard Class,422.68,-28.84,5,0.0
ORD-01793,2022-08-01,Furniture,Furnishings,South,North Carolina,Corporate,Second Class,170.14,53.73,4,0.0
ORD-01794,2024-09-23,Office Supplies,Art,South,Florida,Consumer,Standard Class,20.49,2.1,5,0.1
ORD-01795,2023-07-29,Office Supplies,Labels,West,Washington,Consumer,Second Class,113.84,38.74,4,0.2
ORD-01796,2023-05-07,Furniture,Tables,Central,Ohio,Corporate,Standard Class,356.54,119.38,1,0.0
ORD-01797,2022-12-13,Office Supplies,Paper,South,North Carolina,Consumer,Second Class,27.63,1.28,1,0.1
ORD-01798,2022-05-06,Office Supplies,Storage,West,Washington,Consumer,Standard Class,58.49,14.4,7,0.2
ORD-01799,2022-01-16,Technology,Accessories,East,Pennsylvania,Home Office,Standard Class,597.46,107.95,3,0.0
ORD-01800,2023-01-01,Office Supplies,Paper,West,California,Home Office,Standard Class,41.81,4.2,8,0.1
ORD-01801,2022-01-31,Office Supplies,Paper,West,California,Consumer,Same Day,47.36,-5.28,2,0.0
ORD-01802,2022-03-09,Technology,Phones,East,New York,Consumer,First Class,479.39,81.03,2,0.0
ORD-01803,2023-01-03,Office Supplies,Art,Central,Texas,Home Office,Second Class,48.57,6.15,1,0.0
ORD-01804,2023-02-03,Office Supplies,Paper,Central,Texas,Home Office,Same Day,191.52,38.21,1,0.0
ORD-01805,2022-07-22,Office Supplies,Storage,Central,Texas,Consumer,Standard Class,101.02,-11.57,1,0.1
ORD-01806,2022-10-07,Technology,Machines,East,New Jersey,Home Office,Second Class,522.05,-30.15,5,0.1
ORD-01807,2024-07-30,Office Supplies,Storage,Central,Illinois,Consumer,Standard Class,61.05,14.59,2,0.3
ORD-01808,2024-03-01,Furniture,Furnishings,Central,Texas,Consumer,Standard Class,297.89,101.19,3,0.1
ORD-01809,2023-01-08,Furniture,Bookcases,South,North Carolina,Home Office,Standard Class,370.55,23.89,5,0.0
ORD-01810,2023-02-20,Office Supplies,Storage,West,Washington,Corporate,Second Class,33.67,0.61,8,0.1
ORD-01811,2022-06-06,Furniture,Bookcases,East,Pennsylvania,Corporate,Standard Class,939.44,-1.95,5,0.3
ORD-01812,2024-08-19,Office Supplies,Paper,South,North Carolina,Home Office,Standard Class,80.77,27.27,7,0.0
ORD-01813,2023-07-24,Technology,Copiers,Central,Ohio,Home Office,Standard Class,498.02,162.12,4,0.2
ORD-01814,2023-09-07,Technology,Machines,East,New York,Corporate,Second Class,239.98,-30.91,3,0.0
ORD-01815,2024-05-06,Office Supplies,Labels,Central,Ohio,Home Office,Standard Class,148.69,33.58,5,0.0
ORD-01816,2023-03-06,Technology,Machines,Central,Texas,Corporate,Standard Class,66.2,0.88,4,0.1
ORD-01817,2024-10-13,Furniture,Furnishings,South,Florida,Home Office,Second Class,47.95,14.47,6,0.2
ORD-01818,2024-11-16,Technology,Accessories,Central,Ohio,Consumer,Same Day,1833.81,423.99,8,0.2
ORD-01819,2022-03-25,Office Supplies,Binders,West,Oregon,Corporate,Standard Class,47.11,6.96,5,0.2
ORD-01820,2022-12-13,Furniture,Bookcases,West,Washington,Home Office,First Class,289.94,-39.68,2,0.0
ORD-01821,2024-03-25,Furniture,Bookcases,East,New York,Corporate,Standard Class,329.94,92.31,4,0.0
ORD-01822,2023-01-20,Office Supplies,Labels,East,Pennsylvania,Consumer,Second Class,171.66,26.39,7,0.0
ORD-01823,2022-03-15,Furniture,Furnishings,Central,Illinois,Corporate,Standard Class,254.02,55.5,5,0.2
ORD-01824,2022-09-22,Furniture,Furnishings,Central,Ohio,Consumer,Second Class,156.53,6.25,1,0.0
ORD-01825,2024-04-07,Technology,Machines,South,North Carolina,Consumer,Second Class,342.03,14.51,9,0.1
ORD-01826,2022-03-19,Furniture,Tables,South,Georgia,Consumer,Second Class,100.96,22.68,6,0.0
ORD-01827,2023-10-09,Office Supplies,Binders,Central,Ohio,Consumer,Standard Class,122.59,4.4,7,0.0
ORD-01828,2024-03-13,Office Supplies,Art,East,New York,Corporate,Standard Class,69.58,-0.29,2,0.0
ORD-01829,2023-08-12,Furniture,Tables,Central,Illinois,Consumer,First Class,1788.57,422.78,3,0.0
ORD-01830,2022-12-10,Office Supplies,Art,West,Oregon,Home Office,First Class,23.2,3.46,9,0.3
ORD-01831,2023-08-15,Furniture,Chairs,East,New Jersey,Home Office,Standard Class,293.27,-16.35,7,0.0
ORD-01832,2022-05-02,Office Supplies,Binders,West,Oregon,Consumer,Same Day,87.54,11.59,7,0.0
ORD-01833,2024-06-30,Technology,Machines,Central,Illinois,Consumer,First Class,871.38,240.91,1,0.1
ORD-01834,2022-11-15,Office Supplies,Labels,East,New York,Consumer,Standard Class,17.77,0.17,5,0.0
ORD-01835,2023-04-04,Furniture,Furnishings,West,Oregon,Consumer,Same Day,142.32,-4.82,2,0.3
ORD-01836,2023-12-21,Furniture,Furnishings,South,North Carolina,Consumer,Standard Class,219.24,56.42,8,0.3
ORD-01837,2022-12-22,Office Supplies,Paper,East,Pennsylvania,Corporate,Standard Class,15.85,4.53,2,0.3
ORD-01838,2023-11-25,Technology,Accessories,East,Pennsylvania,Consumer,Second Class,986.25,142.88,7,0.3
ORD-01839,2024-06-08,Technology,Machines,East,New York,Consumer,Standard Class,473.51,103.69,8,0.0
ORD-01840,2024-07-28,Technology,Phones,South,North Carolina,Corporate,Standard Class,604.26,173.6,3,0.0
ORD-01841,2023-01-29,Technology,Machines,East,New Jersey,Home Office,Standard Class,413.04,144.32,7,0.0
ORD-01842,2023-01-22,Technology,Accessories,Central,Illinois,Corporate,Standard Class,639.15,46.23,8,0.2
ORD-01843,2023-06-11,Office Supplies,Storage,Central,Ohio,Corporate,Second Class,91.63,-1.78,4,0.1
ORD-01844,2023-10-20,Furniture,Furnishings,East,New York,Corporate,Standard Class,353.67,27.38,4,0.2
ORD-01845,2023-10-14,Furniture,Tables,South,Florida,Corporate,Standard Class,254.33,-13.76,4,0.0
ORD-01846,2024-12-22,Technology,Copiers,West,Oregon,Corporate,Standard Class,301.35,41.1,5,0.2
ORD-01847,2024-02-08,Office Supplies,Art,East,New York,Corporate,First Class,40.97,-5.06,5,0.1
ORD-01848,2022-09-18,Office Supplies,Binders,East,Pennsylvania,Corporate,Standard Class,89.81,21.35,8,0.2
ORD-01849,2023-09-24,Technology,Machines,South,North Carolina,Consumer,Standard Class,1090.73,85.25,5,0.3
ORD-01850,2023-08-26,Furniture,Tables,West,California,Corporate,Standard Class,412.08,122.08,5,0.0
ORD-01851,2024-01-08,Office Supplies,Binders,Central,Illinois,Corporate,Standard Class,34.55,-0.99,6,0.1
ORD-01852,2024-06-12,Furniture,Tables,East,New York,Consumer,Standard Class,148.11,14.03,6,0.2
ORD-01853,2024-01-10,Furniture,Tables,West,Washington,Corporate,Standard Class,581.95,115.2,6,0.1
ORD-01854,2022-01-01,Technology,Copiers,South,Florida,Corporate,Standard Class,1108.79,-113.09,2,0.3
ORD-01855,2024-01-29,Office Supplies,Storage,South,Florida,Corporate,Standard Class,140.9,27.27,7,0.1
ORD-01856,2023-10-20,Office Supplies,Paper,Central,Illinois,Corporate,Standard Class,28.43,7.52,5,0.1
ORD-01857,2024-10-11,Office Supplies,Art,Central,Texas,Home Office,First Class,48.96,9.45,6,0.1
ORD-01858,2023-10-02,Office Supplies,Paper,East,New Jersey,Consumer,Standard Class,49.28,3.38,3,0.1
ORD-01859,2023-12-02,Office Supplies,Labels,East,New Jersey,Corporate,First Class,183.44,20.8,8,0.0
ORD-01860,2024-01-19,Technology,Phones,Central,Texas,Corporate,Standard Class,407.13,-17.9,3,0.1
ORD-01861,2023-02-03,Technology,Phones,East,New York,Home Office,Standard Class,224.54,8.03,6,0.0
ORD-01862,2024-03-10,Technology,Machines,Central,Ohio,Consumer,Standard Class,858.72,-25.06,3,0.2
ORD-01863,2022-03-22,Office Supplies,Storage,East,Pennsylvania,Corporate,Standard Class,39.98,3.0,1,0.2
ORD-01864,2023-10-05,Office Supplies,Paper,Central,Ohio,Consumer,Standard Class,23.63,-0.96,9,0.0
ORD-01865,2024-12-19,Office Supplies,Binders,East,Pennsylvania,Consumer,Standard Class,101.17,-13.67,7,0.1
ORD-01866,2022-07-30,Office Supplies,Labels,Central,Texas,Consumer,Second Class,26.78,2.31,9,0.0
ORD-01867,2023-08-29,Office Supplies,Storage,West,California,Corporate,Standard Class,14.5,3.82,9,0.1
ORD-01868,2024-10-28,Technology,Phones,West,Oregon,Consumer,Second Class,19.4,6.7,2,0.2
ORD-01869,2022-11-11,Technology,Copiers,Central,Texas,Consumer,Standard Class,447.74,-64.95,6,0.0
ORD-01870,2022-04-01,Furniture,Bookcases,Central,Ohio,Home Office,First Class,532.35,174.28,4,0.2
ORD-01871,2023-07-17,Furniture,Chairs,East,New York,Home Office,Second Class,166.74,20.49,4,0.0
ORD-01872,2023-01-03,Technology,Machines,East,New York,Consumer,Standard Class,74.5,2.47,2,0.0
ORD-01873,2022-08-31,Technology,Machines,West,Washington,Home Office,Standard Class,260.08,58.21,2,0.3
ORD-01874,2022-05-13,Office Supplies,Storage,South,Georgia,Home Office,Standard Class,41.81,6.4,1,0.0
ORD-01875,2022-11-02,Technology,Copiers,Central,Illinois,Corporate,Standard Class,323.13,92.13,8,0.2
ORD-01876,2022-08-29,Furniture,Bookcases,East,New Jersey,Consumer,Standard Class,295.85,-18.52,1,0.0
ORD-01877,2024-10-08,Technology,Machines,East,New Jersey,Home Office,First Class,169.04,44.01,5,0.1
ORD-01878,2024-03-22,Furniture,Bookcases,West,Washington,Corporate,Same Day,533.59,-55.5,4,0.0
ORD-01879,2024-08-05,Technology,Machines,South,Florida,Home Office,Same Day,576.7,135.39,2,0.0
ORD-01880,2023-10-14,Office Supplies,Labels,West,California,Corporate,Standard Class,115.61,22.62,6,0.0
ORD-01881,2023-01-27,Technology,Machines,West,Oregon,Home Office,Standard Class,387.42,4.24,2,0.1
ORD-01882,2024-09-02,Technology,Machines,East,New Jersey,Consumer,First Class,203.56,-0.45,2,0.2
ORD-01883,2022-05-21,Office Supplies,Storage,West,California,Consumer,First Class,33.68,3.24,5,0.0
ORD-01884,2024-09-24,Furniture,Bookcases,West,Oregon,Home Office,Second Class,201.62,47.6,6,0.1
ORD-01885,2022-10-02,Technology,Phones,West,Washington,Home Office,Second Class,550.27,-26.92,9,0.0
ORD-01886,2024-09-11,Technology,Accessories,East,New Jersey,Consumer,Standard Class,122.51,14.14,6,0.1
ORD-01887,2023-10-26,Furniture,Bookcases,South,North Carolina,Corporate,Second Class,101.0,-8.83,9,0.1
ORD-01888,2022-04-26,Furniture,Furnishings,West,Washington,Consumer,Standard Class,462.12,-54.99,2,0.0
ORD-01889,2023-08-11,Furniture,Chairs,Central,Ohio,Consumer,Same Day,151.5,33.64,3,0.1
ORD-01890,2024-04-03,Technology,Machines,East,New Jersey,Corporate,Standard Class,874.14,114.23,2,0.0
ORD-01891,2022-11-24,Office Supplies,Labels,Central,Illinois,Consumer,Standard Class,21.39,-0.15,1,0.1
ORD-01892,2023-06-10,Technology,Machines,Central,Illinois,Corporate,Standard Class,738.75,-84.92,6,0.3
ORD-01893,2024-11-02,Office Supplies,Binders,Central,Texas,Corporate,Second Class,5.72,0.96,4,0.2
ORD-01894,2023-05-26,Office Supplies,Paper,West,California,Corporate,Standard Class,115.1,-10.45,8,0.0
ORD-01895,2022-12-06,Office Supplies,Storage,Central,Ohio,Home Office,Standard Class,62.01,-5.17,5,0.3
ORD-01896,2024-12-19,Office Supplies,Storage,East,New Jersey,Consumer,Same Day,31.12,3.44,4,0.3
ORD-01897,2023-05-13,Office Supplies,Labels,South,Florida,Home Office,Standard Class,19.38,2.92,7,0.1
ORD-01898,2023-12-26,Technology,Phones,East,New Jersey,Consumer,Second Class,967.95,283.15,3,0.3
ORD-01899,2024-06-27,Office Supplies,Art,Central,Illinois,Corporate,Standard Class,21.09,5.76,7,0.1
ORD-01900,2024-10-31,Furniture,Tables,West,Washington,Corporate,Standard Class,457.86,-15.04,9,0.1
ORD-01901,2023-02-05,Technology,Phones,East,New Jersey,Home Office,First Class,455.18,-17.02,7,0.1
ORD-01902,2022-01-27,Technology,Accessories,East,New Jersey,Home Office,Second Class,394.32,66.28,8,0.3
ORD-01903,2023-11-05,Furniture,Furnishings,South,North Carolina,Home Office,Second Class,552.77,147.35,7,0.0
ORD-01904,2023-03-20,Office Supplies,Paper,South,North Carolina,Home Office,First Class,146.85,-8.8,5,0.2
ORD-01905,2023-01-19,Technology,Accessories,Central,Illinois,Corporate,Standard Class,137.35,36.85,9,0.2
ORD-01906,2022-09-20,Office Supplies,Paper,South,Florida,Home Office,Second Class,10.47,2.79,6,0.0
ORD-01907,2023-11-22,Technology,Copiers,East,New York,Corporate,Standard Class,420.91,64.13,2,0.0
ORD-01908,2022-05-03,Technology,Machines,West,Washington,Home Office,Standard Class,65.57,3.43,8,0.0
ORD-01909,2024-07-27,Office Supplies,Art,South,North Carolina,Corporate,Second Class,107.92,-14.72,5,0.2
ORD-01910,2023-10-23,Furniture,Chairs,Central,Ohio,Home Office,Second Class,651.72,71.17,4,0.2
ORD-01911,2023-06-08,Technology,Machines,South,North Carolina,Corporate,Second Class,298.71,32.91,9,0.0
ORD-01912,2022-05-25,Office Supplies,Paper,South,North Carolina,Home Office,Standard Class,33.11,10.75,3,0.0
ORD-01913,2022-09-14,Technology,Machines,Central,Ohio,Home Office,Standard Class,719.25,72.21,6,0.1
ORD-01914,2024-01-20,Office Supplies,Art,East,Pennsylvania,Consumer,Standard Class,28.24,5.19,2,0.2
ORD-01915,2024-11-19,Technology,Copiers,Central,Texas,Home Office,Standard Class,256.13,34.39,9,0.2
ORD-01916,2024-12-23,Technology,Machines,West,Washington,Corporate,First Class,64.3,9.7,8,0.0
ORD-01917,2024-05-26,Office Supplies,Storage,South,Georgia,Corporate,First Class,42.29,-3.55,7,0.2
ORD-01918,2022-09-19,Office Supplies,Art,West,Oregon,Home Office,Standard Class,13.77,-2.02,2,0.0
ORD-01919,2023-04-11,Office Supplies,Art,West,California,Home Office,Standard Class,60.78,1.86,9,0.0
ORD-01920,2022-08-23,Technology,Copiers,Central,Texas,Corporate,First Class,878.35,-121.74,8,0.0
ORD-01921,2023-04-05,Furniture,Furnishings,South,North Carolina,Corporate,Standard Class,483.86,-21.51,8,0.2
ORD-01922,2023-05-30,Technology,Copiers,East,Pennsylvania,Corporate,Second Class,200.4,-5.53,4,0.1
ORD-01923,2024-09-25,Furniture,Tables,South,Georgia,Home Office,Standard Class,133.61,16.56,8,0.1
ORD-01924,2024-11-01,Office Supplies,Labels,West,Washington,Corporate,Standard Class,9.0,1.59,8,0.0
ORD-01925,2023-01-06,Office Supplies,Art,West,California,Home Office,Second Class,22.18,4.18,4,0.0
ORD-01926,2024-09-01,Furniture,Tables,South,North Carolina,Consumer,Standard Class,121.49,34.28,5,0.3
ORD-01927,2023-08-01,Office Supplies,Paper,South,Georgia,Corporate,Standard Class,101.22,21.89,1,0.1
ORD-01928,2024-03-06,Furniture,Chairs,West,Washington,Home Office,Second Class,269.86,49.32,1,0.2
ORD-01929,2022-05-31,Furniture,Tables,South,Florida,Corporate,Standard Class,675.89,152.62,5,0.0
ORD-01930,2023-07-20,Furniture,Chairs,West,Oregon,Corporate,Same Day,278.19,21.21,6,0.1
ORD-01931,2022-11-16,Furniture,Tables,Central,Texas,Consumer,Second Class,249.72,-5.67,5,0.2
ORD-01932,2023-01-19,Technology,Accessories,West,Washington,Home Office,Second Class,202.21,39.68,3,0.0
ORD-01933,2024-06-21,Furniture,Tables,Central,Texas,Corporate,Standard Class,251.02,79.91,2,0.3
ORD-01934,2023-05-23,Office Supplies,Paper,South,Georgia,Corporate,Second Class,56.49,-6.47,8,0.1
ORD-01935,2023-09-22,Technology,Copiers,East,New Jersey,Corporate,Second Class,878.17,187.85,1,0.0
ORD-01936,2024-10-27,Technology,Accessories,East,New York,Home Office,Standard Class,475.67,12.65,9,0.2
ORD-01937,2022-05-27,Furniture,Furnishings,South,Georgia,Consumer,Standard Class,263.77,-21.5,4,0.1
ORD-01938,2022-04-05,Office Supplies,Storage,South,Florida,Consumer,Standard Class,92.61,6.67,4,0.1
ORD-01939,2024-05-13,Office Supplies,Binders,Central,Illinois,Home Office,Standard Class,29.92,2.74,9,0.0
ORD-01940,2023-01-03,Technology,Accessories,West,California,Corporate,First Class,527.51,51.39,6,0.1
ORD-01941,2022-12-29,Office Supplies,Paper,East,Pennsylvania,Consumer,Standard Class,35.35,-2.49,5,0.0
ORD-01942,2023-07-31,Technology,Machines,West,California,Home Office,Standard Class,277.48,-5.97,7,0.0
ORD-01943,2024-03-04,Technology,Phones,South,Georgia,Home Office,Standard Class,631.83,-62.97,3,0.2
ORD-01944,2024-01-16,Technology,Phones,East,New York,Consumer,Standard Class,316.12,83.92,6,0.2
ORD-01945,2023-02-03,Technology,Machines,East,New Jersey,Corporate,Second Class,843.79,216.46,9,0.1
ORD-01946,2023-06-05,Technology,Accessories,East,New Jersey,Consumer,Same Day,171.53,20.42,6,0.2
ORD-01947,2023-10-24,Technology,Machines,East,New York,Consumer,Standard Class,92.18,13.55,7,0.1
ORD-01948,2022-03-05,Furniture,Tables,East,New Jersey,Home Office,Standard Class,758.76,67.59,5,0.1
ORD-01949,2022-06-29,Office Supplies,Binders,West,California,Home Office,First Class,21.5,7.32,3,0.1
ORD-01950,2024-12-21,Office Supplies,Paper,East,Pennsylvania,Corporate,First Class,133.43,44.43,3,0.1
ORD-01951,2022-07-16,Office Supplies,Labels,East,Pennsylvania,Corporate,Second Class,46.09,4.96,4,0.1
ORD-01952,2022-10-22,Technology,Accessories,Central,Illinois,Corporate,Standard Class,452.42,33.27,6,0.1
ORD-01953,2022-07-21,Furniture,Bookcases,East,New Jersey,Corporate,Standard Class,337.54,13.71,7,0.2
ORD-01954,2022-02-20,Technology,Accessories,East,New Jersey,Corporate,First Class,346.27,2.04,7,0.3
ORD-01955,2024-12-24,Technology,Phones,Central,Texas,Consumer,Standard Class,386.99,118.3,4,0.1
ORD-01956,2022-12-19,Technology,Accessories,South,Georgia,Corporate,First Class,1117.16,195.09,4,0.1
ORD-01957,2023-05-24,Technology,Phones,South,North Carolina,Consumer,Second Class,69.77,-3.21,5,0.1
ORD-01958,2023-12-07,Furniture,Bookcases,South,North Carolina,Consumer,Standard Class,484.96,-8.6,5,0.3
ORD-01959,2022-07-29,Furniture,Chairs,South,Georgia,Consumer,Standard Class,425.61,86.72,6,0.0
ORD-01960,2023-07-14,Office Supplies,Art,East,Pennsylvania,Corporate,First Class,170.63,-8.1,4,0.0
ORD-01961,2023-08-09,Technology,Copiers,South,Florida,Home Office,Standard Class,628.28,153.66,9,0.3
ORD-01962,2023-02-25,Furniture,Furnishings,Central,Ohio,Consumer,Second Class,180.23,49.57,5,0.1
ORD-01963,2023-11-21,Office Supplies,Paper,South,North Carolina,Home Office,Second Class,31.16,-0.63,1,0.0
ORD-01964,2023-07-23,Furniture,Tables,Central,Ohio,Consumer,Second Class,458.14,8.17,8,0.3
ORD-01965,2024-01-12,Furniture,Chairs,Central,Ohio,Corporate,First Class,465.16,29.67,8,0.0
ORD-01966,2023-11-03,Technology,Copiers,East,New Jersey,Home Office,Standard Class,779.59,-27.54,6,0.1
ORD-01967,2023-08-08,Technology,Accessories,South,Florida,Home Office,Standard Class,301.53,-34.6,4,0.0
ORD-01968,2022-04-01,Furniture,Furnishings,South,Georgia,Home Office,Second Class,528.06,170.7,9,0.1
ORD-01969,2024-03-08,Technology,Accessories,West,California,Consumer,Second Class,1031.38,107.03,7,0.1
ORD-01970,2022-01-06,Office Supplies,Labels,West,Oregon,Home Office,Standard Class,18.48,3.22,7,0.1
ORD-01971,2022-08-05,Office Supplies,Binders,Central,Illinois,Home Office,Standard Class,158.5,-15.45,1,0.0
ORD-01972,2023-07-20,Office Supplies,Storage,East,New Jersey,Corporate,Standard Class,108.6,-1.53,2,0.2
ORD-01973,2024-03-19,Furniture,Chairs,Central,Texas,Home Office,First Class,92.31,4.48,6,0.0
ORD-01974,2022-10-29,Furniture,Tables,Central,Ohio,Home Office,Second Class,518.38,84.7,8,0.1
ORD-01975,2023-08-05,Office Supplies,Paper,South,Georgia,Consumer,First Class,24.85,-0.51,5,0.0
ORD-01976,2024-04-09,Furniture,Bookcases,East,New York,Corporate,Second Class,236.82,43.72,1,0.1
ORD-01977,2022-08-22,Furniture,Tables,South,Florida,Corporate,First Class,186.0,43.94,7,0.1
ORD-01978,2022-10-23,Furniture,Bookcases,East,New York,Corporate,Second Class,558.53,-12.37,9,0.3
ORD-01979,2023-06-13,Furniture,Furnishings,West,Oregon,Consumer,Standard Class,585.66,197.06,6,0.2
ORD-01980,2024-04-18,Technology,Phones,South,Florida,Consumer,Second Class,204.81,0.92,4,0.1
ORD-01981,2023-11-28,Technology,Machines,South,Georgia,Home Office,Same Day,593.44,82.63,1,0.2
ORD-01982,2022-11-08,Technology,Accessories,South,Florida,Home Office,Standard Class,202.16,-27.96,9,0.3
ORD-01983,2023-01-25,Office Supplies,Paper,East,New Jersey,Consumer,Standard Class,37.11,-5.34,9,0.2
ORD-01984,2023-08-20,Technology,Phones,South,North Carolina,Corporate,Standard Class,317.43,-25.46,4,0.2
ORD-01985,2022-11-29,Furniture,Chairs,East,New York,Consumer,Same Day,524.62,163.89,3,0.0
ORD-01986,2023-09-13,Technology,Copiers,Central,Texas,Consumer,Standard Class,338.98,-45.53,3,0.0
ORD-01987,2023-08-03,Technology,Machines,Central,Illinois,Home Office,Standard Class,469.64,76.64,5,0.1
ORD-01988,2023-09-14,Office Supplies,Paper,Central,Texas,Consumer,Standard Class,5.0,-0.57,9,0.1
ORD-01989,2022-11-23,Office Supplies,Labels,South,Georgia,Corporate,Standard Class,12.34,3.29,2,0.2
ORD-01990,2023-09-03,Furniture,Bookcases,East,New Jersey,Home Office,Standard Class,195.62,39.3,2,0.1
ORD-01991,2024-04-14,Technology,Copiers,West,Oregon,Home Office,Second Class,1237.7,293.27,9,0.0
ORD-01992,2023-03-03,Furniture,Furnishings,East,New York,Consumer,Standard Class,723.12,144.67,8,0.1
ORD-01993,2024-09-07,Furniture,Bookcases,Central,Ohio,Corporate,Standard Class,372.33,-15.7,2,0.1
ORD-01994,2023-07-10,Technology,Accessories,West,California,Consumer,First Class,157.07,0.13,2,0.3
ORD-01995,2022-06-04,Technology,Copiers,Central,Illinois,Consumer,First Class,249.95,17.34,2,0.1
ORD-01996,2024-02-29,Office Supplies,Labels,East,New Jersey,Home Office,Second Class,81.17,-5.59,9,0.3
ORD-01997,2022-08-18,Furniture,Tables,East,New Jersey,Home Office,Standard Class,131.56,7.5,9,0.0
ORD-01998,2023-10-16,Office Supplies,Labels,South,North Carolina,Home Office,Standard Class,5.0,1.71,4,0.1
ORD-01999,2022-06-18,Office Supplies,Art,West,California,Home Office,Second Class,89.06,16.0,3,0.0
ORD-02000,2023-12-16,Technology,Accessories,West,Washington,Consumer,Standard Class,1092.49,285.69,7,0.0
